Time,Step,Contrastive Loss,Clustering Loss,[Representation] ACC,[Model] ACC,NMI Model,Note: ...
12/07/2021 08:34:21,0,1.09859,0.00016,0.72861,0.73274,0.59244,_search_snippets_distil_lre-4_JSD_lr=6/4/4 scale=1/1 batch= 256_
12/07/2021 08:36:08,50,0.74165,0.00038,0.73371,0.72731,0.58999,_search_snippets_distil_lre-4_JSD_lr=6/4/4 scale=1/1 batch= 256_
12/07/2021 08:37:53,100,0.73841,0.00067,0.73347,0.72528,0.58847,_search_snippets_distil_lre-4_JSD_lr=6/4/4 scale=1/1 batch= 256_
12/07/2021 08:39:38,150,0.73173,0.00107,0.72925,0.72156,0.58415,_search_snippets_distil_lre-4_JSD_lr=6/4/4 scale=1/1 batch= 256_
12/07/2021 08:41:23,200,0.73268,0.00156,0.72853,0.71864,0.58076,_search_snippets_distil_lre-4_JSD_lr=6/4/4 scale=1/1 batch= 256_
12/07/2021 08:43:08,250,0.73062,0.00232,0.72561,0.71272,0.57465,_search_snippets_distil_lre-4_JSD_lr=6/4/4 scale=1/1 batch= 256_
12/07/2021 08:44:57,300,0.73183,0.00306,0.72374,0.70851,0.57033,_search_snippets_distil_lre-4_JSD_lr=6/4/4 scale=1/1 batch= 256_
12/07/2021 08:46:44,350,0.73101,0.00448,0.73006,0.70227,0.56442,_search_snippets_distil_lre-4_JSD_lr=6/4/4 scale=1/1 batch= 256_
12/07/2021 08:48:29,400,0.73147,0.00530,0.72715,0.69530,0.55541,_search_snippets_distil_lre-4_JSD_lr=6/4/4 scale=1/1 batch= 256_
12/07/2021 08:50:15,450,0.73137,0.00667,0.72715,0.68930,0.54999,_search_snippets_distil_lre-4_JSD_lr=6/4/4 scale=1/1 batch= 256_
12/07/2021 08:51:58,500,0.73601,0.00931,0.72577,0.68258,0.54364,_search_snippets_distil_lre-4_JSD_lr=6/4/4 scale=1/1 batch= 256_
12/07/2021 08:53:42,550,0.74116,0.01025,0.73128,0.67707,0.53851,_search_snippets_distil_lre-4_JSD_lr=6/4/4 scale=1/1 batch= 256_
12/07/2021 08:55:27,600,0.74382,0.01428,0.72747,0.67026,0.53430,_search_snippets_distil_lre-4_JSD_lr=6/4/4 scale=1/1 batch= 256_
12/07/2021 08:57:12,650,0.74600,0.01590,0.72812,0.66232,0.52717,_search_snippets_distil_lre-4_JSD_lr=6/4/4 scale=1/1 batch= 256_
12/07/2021 08:58:57,700,0.74445,0.01677,0.72690,0.65332,0.52076,_search_snippets_distil_lre-4_JSD_lr=6/4/4 scale=1/1 batch= 256_
12/07/2021 09:00:41,750,0.75185,0.02190,0.73323,0.64716,0.51709,_search_snippets_distil_lre-4_JSD_lr=6/4/4 scale=1/1 batch= 256_
12/07/2021 09:02:26,800,0.76212,0.02784,0.72885,0.63971,0.51028,_search_snippets_distil_lre-4_JSD_lr=6/4/4 scale=1/1 batch= 256_
12/07/2021 09:04:10,850,0.77145,0.03425,0.73152,0.64036,0.51393,_search_snippets_distil_lre-4_JSD_lr=6/4/4 scale=1/1 batch= 256_
12/07/2021 09:05:54,900,0.77945,0.03892,0.73865,0.64133,0.51616,_search_snippets_distil_lre-4_JSD_lr=6/4/4 scale=1/1 batch= 256_
12/07/2021 09:07:39,950,0.79271,0.04781,0.70251,0.64246,0.51975,_search_snippets_distil_lre-4_JSD_lr=6/4/4 scale=1/1 batch= 256_
12/07/2021 09:09:23,1000,0.80044,0.05003,0.68533,0.64173,0.51981,_search_snippets_distil_lre-4_JSD_lr=6/4/4 scale=1/1 batch= 256_
12/07/2021 09:11:07,1050,0.82189,0.06502,0.70997,0.64279,0.51835,_search_snippets_distil_lre-4_JSD_lr=6/4/4 scale=1/1 batch= 256_
12/07/2021 09:12:52,1100,0.83679,0.07154,0.71596,0.64408,0.51683,_search_snippets_distil_lre-4_JSD_lr=6/4/4 scale=1/1 batch= 256_
12/07/2021 09:14:38,1150,0.83798,0.06878,0.71337,0.64643,0.51756,_search_snippets_distil_lre-4_JSD_lr=6/4/4 scale=1/1 batch= 256_
12/07/2021 09:16:22,1200,0.85402,0.08016,0.70940,0.64911,0.51721,_search_snippets_distil_lre-4_JSD_lr=6/4/4 scale=1/1 batch= 256_
12/07/2021 09:18:07,1250,0.87660,0.09316,0.66151,0.66240,0.52761,_search_snippets_distil_lre-4_JSD_lr=6/4/4 scale=1/1 batch= 256_
12/07/2021 09:19:50,1300,0.88597,0.09395,0.66094,0.67674,0.53680,_search_snippets_distil_lre-4_JSD_lr=6/4/4 scale=1/1 batch= 256_
12/07/2021 09:21:33,1350,0.88163,0.09755,0.68574,0.68468,0.54200,_search_snippets_distil_lre-4_JSD_lr=6/4/4 scale=1/1 batch= 256_
12/07/2021 09:23:17,1400,0.86247,0.08478,0.66175,0.63355,0.52006,_search_snippets_distil_lre-4_JSD_lr=6/4/4 scale=1/1 batch= 256_
12/07/2021 09:25:00,1450,0.91299,0.10968,0.66037,0.67269,0.53047,_search_snippets_distil_lre-4_JSD_lr=6/4/4 scale=1/1 batch= 256_
12/07/2021 09:26:43,1500,0.91630,0.11023,0.66588,0.65138,0.52979,_search_snippets_distil_lre-4_JSD_lr=6/4/4 scale=1/1 batch= 256_
12/07/2021 09:28:25,1550,0.91210,0.11053,0.66475,0.64263,0.53047,_search_snippets_distil_lre-4_JSD_lr=6/4/4 scale=1/1 batch= 256_
12/07/2021 09:30:08,1600,0.92374,0.10589,0.66070,0.64222,0.53123,_search_snippets_distil_lre-4_JSD_lr=6/4/4 scale=1/1 batch= 256_
12/07/2021 09:31:51,1650,0.92277,0.11389,0.65827,0.63963,0.52946,_search_snippets_distil_lre-4_JSD_lr=6/4/4 scale=1/1 batch= 256_
12/07/2021 09:33:34,1700,0.92191,0.11210,0.66288,0.64011,0.52848,_search_snippets_distil_lre-4_JSD_lr=6/4/4 scale=1/1 batch= 256_
12/07/2021 09:35:16,1750,0.90614,0.10648,0.66005,0.63177,0.52404,_search_snippets_distil_lre-4_JSD_lr=6/4/4 scale=1/1 batch= 256_
12/07/2021 09:36:59,1800,0.90663,0.10706,0.66475,0.63250,0.52598,_search_snippets_distil_lre-4_JSD_lr=6/4/4 scale=1/1 batch= 256_
12/07/2021 09:38:41,1850,0.91463,0.11098,0.65583,0.61815,0.51538,_search_snippets_distil_lre-4_JSD_lr=6/4/4 scale=1/1 batch= 256_
12/07/2021 09:40:25,1900,0.93149,0.11602,0.65373,0.62075,0.51977,_search_snippets_distil_lre-4_JSD_lr=6/4/4 scale=1/1 batch= 256_
12/07/2021 09:42:07,1950,0.91833,0.11483,0.66921,0.62407,0.51913,_search_snippets_distil_lre-4_JSD_lr=6/4/4 scale=1/1 batch= 256_
12/07/2021 09:43:51,2000,0.92641,0.11637,0.70705,0.61232,0.51815,_search_snippets_distil_lre-4_JSD_lr=6/4/4 scale=1/1 batch= 256_
12/07/2021 09:45:34,2050,0.93865,0.12061,0.65689,0.61402,0.50844,_search_snippets_distil_lre-4_JSD_lr=6/4/4 scale=1/1 batch= 256_
12/07/2021 09:47:18,2100,0.92755,0.11263,0.67002,0.62115,0.50156,_search_snippets_distil_lre-4_JSD_lr=6/4/4 scale=1/1 batch= 256_
12/07/2021 09:49:02,2150,0.89887,0.09958,0.65551,0.58306,0.50175,_search_snippets_distil_lre-4_JSD_lr=6/4/4 scale=1/1 batch= 256_
12/07/2021 09:50:45,2200,0.94991,0.12623,0.70810,0.59765,0.51019,_search_snippets_distil_lre-4_JSD_lr=6/4/4 scale=1/1 batch= 256_
12/07/2021 09:52:27,2250,0.95774,0.12666,0.68849,0.64733,0.52743,_search_snippets_distil_lre-4_JSD_lr=6/4/4 scale=1/1 batch= 256_
12/07/2021 09:54:11,2300,0.93650,0.12107,0.71110,0.64344,0.51650,_search_snippets_distil_lre-4_JSD_lr=6/4/4 scale=1/1 batch= 256_
12/07/2021 09:55:54,2350,0.95080,0.12494,0.65559,0.58566,0.50205,_search_snippets_distil_lre-4_JSD_lr=6/4/4 scale=1/1 batch= 256_
12/07/2021 09:57:36,2400,0.88551,0.09138,0.71191,0.62261,0.51238,_search_snippets_distil_lre-4_JSD_lr=6/4/4 scale=1/1 batch= 256_
12/07/2021 09:59:20,2450,0.91148,0.10604,0.69441,0.58801,0.48466,_search_snippets_distil_lre-4_JSD_lr=6/4/4 scale=1/1 batch= 256_
12/07/2021 10:01:03,2500,0.92367,0.10806,0.71216,0.63314,0.51394,_search_snippets_distil_lre-4_JSD_lr=6/4/4 scale=1/1 batch= 256_
12/07/2021 10:04:59,0,1.10005,0.00162,0.72861,0.73274,0.59244,_search_snippets_distil_lre-4_JSD_lr=6/4/4 scale=1/10 batch= 256_
12/07/2021 10:06:46,50,0.77010,0.02409,0.73598,0.72836,0.59070,_search_snippets_distil_lre-4_JSD_lr=6/4/4 scale=1/10 batch= 256_
12/07/2021 10:08:32,100,0.89396,0.12239,0.73841,0.72731,0.58920,_search_snippets_distil_lre-4_JSD_lr=6/4/4 scale=1/10 batch= 256_
12/07/2021 10:10:17,150,1.37751,0.49995,0.74028,0.73533,0.59689,_search_snippets_distil_lre-4_JSD_lr=6/4/4 scale=1/10 batch= 256_
12/07/2021 10:12:02,200,2.72702,1.62662,0.74489,0.73209,0.58775,_search_snippets_distil_lre-4_JSD_lr=6/4/4 scale=1/10 batch= 256_
12/07/2021 10:13:47,250,3.50701,2.26344,0.72569,0.72399,0.58236,_search_snippets_distil_lre-4_JSD_lr=6/4/4 scale=1/10 batch= 256_
12/07/2021 10:15:33,300,3.79239,2.55731,0.73784,0.72755,0.59600,_search_snippets_distil_lre-4_JSD_lr=6/4/4 scale=1/10 batch= 256_
12/07/2021 10:17:17,350,3.91852,2.63307,0.73695,0.72990,0.60585,_search_snippets_distil_lre-4_JSD_lr=6/4/4 scale=1/10 batch= 256_
12/07/2021 10:19:01,400,3.92831,2.62120,0.73096,0.72869,0.61138,_search_snippets_distil_lre-4_JSD_lr=6/4/4 scale=1/10 batch= 256_
12/07/2021 10:20:45,450,3.97029,2.65381,0.73193,0.72958,0.61885,_search_snippets_distil_lre-4_JSD_lr=6/4/4 scale=1/10 batch= 256_
12/07/2021 10:22:29,500,3.89479,2.57582,0.72747,0.72472,0.61885,_search_snippets_distil_lre-4_JSD_lr=6/4/4 scale=1/10 batch= 256_
12/07/2021 10:24:12,550,3.86923,2.48614,0.72609,0.72318,0.61893,_search_snippets_distil_lre-4_JSD_lr=6/4/4 scale=1/10 batch= 256_
12/07/2021 10:25:55,600,3.84649,2.44567,0.72990,0.72423,0.62326,_search_snippets_distil_lre-4_JSD_lr=6/4/4 scale=1/10 batch= 256_
12/07/2021 10:27:39,650,3.81716,2.34876,0.72569,0.71896,0.62278,_search_snippets_distil_lre-4_JSD_lr=6/4/4 scale=1/10 batch= 256_
12/07/2021 10:29:22,700,3.71829,2.30091,0.72131,0.71645,0.62115,_search_snippets_distil_lre-4_JSD_lr=6/4/4 scale=1/10 batch= 256_
12/07/2021 10:31:05,750,3.73081,2.24269,0.71977,0.71216,0.61941,_search_snippets_distil_lre-4_JSD_lr=6/4/4 scale=1/10 batch= 256_
12/07/2021 10:32:48,800,3.63133,2.17445,0.72050,0.71248,0.62236,_search_snippets_distil_lre-4_JSD_lr=6/4/4 scale=1/10 batch= 256_
12/07/2021 10:34:31,850,3.64064,2.14861,0.73712,0.71759,0.62493,_search_snippets_distil_lre-4_JSD_lr=6/4/4 scale=1/10 batch= 256_
12/07/2021 10:36:15,900,3.61993,2.10325,0.73663,0.71840,0.62477,_search_snippets_distil_lre-4_JSD_lr=6/4/4 scale=1/10 batch= 256_
12/07/2021 10:37:57,950,3.58817,2.07087,0.73582,0.71596,0.62339,_search_snippets_distil_lre-4_JSD_lr=6/4/4 scale=1/10 batch= 256_
12/07/2021 10:39:39,1000,3.60938,2.01085,0.73533,0.71613,0.62267,_search_snippets_distil_lre-4_JSD_lr=6/4/4 scale=1/10 batch= 256_
12/07/2021 10:41:22,1050,3.57901,2.01341,0.73468,0.71426,0.61991,_search_snippets_distil_lre-4_JSD_lr=6/4/4 scale=1/10 batch= 256_
12/07/2021 10:43:06,1100,3.56497,1.95216,0.73598,0.71588,0.61941,_search_snippets_distil_lre-4_JSD_lr=6/4/4 scale=1/10 batch= 256_
12/07/2021 10:44:50,1150,3.52460,1.93848,0.73509,0.71094,0.61704,_search_snippets_distil_lre-4_JSD_lr=6/4/4 scale=1/10 batch= 256_
12/07/2021 10:46:33,1200,3.58524,1.89976,0.73671,0.71045,0.61679,_search_snippets_distil_lre-4_JSD_lr=6/4/4 scale=1/10 batch= 256_
12/07/2021 10:48:17,1250,3.53696,1.87064,0.73801,0.71321,0.61424,_search_snippets_distil_lre-4_JSD_lr=6/4/4 scale=1/10 batch= 256_
12/07/2021 10:50:00,1300,3.53577,1.86466,0.73865,0.70956,0.61166,_search_snippets_distil_lre-4_JSD_lr=6/4/4 scale=1/10 batch= 256_
12/07/2021 10:51:44,1350,3.49799,1.83135,0.73857,0.69246,0.59903,_search_snippets_distil_lre-4_JSD_lr=6/4/4 scale=1/10 batch= 256_
12/07/2021 10:53:28,1400,3.49075,1.79862,0.73663,0.66378,0.59344,_search_snippets_distil_lre-4_JSD_lr=6/4/4 scale=1/10 batch= 256_
12/07/2021 10:55:12,1450,3.48521,1.80630,0.73776,0.64773,0.59068,_search_snippets_distil_lre-4_JSD_lr=6/4/4 scale=1/10 batch= 256_
12/07/2021 10:57:02,1500,3.48866,1.77962,0.73890,0.62901,0.59294,_search_snippets_distil_lre-4_JSD_lr=6/4/4 scale=1/10 batch= 256_
12/07/2021 11:03:56,0,1.10491,0.00649,0.72909,0.73274,0.59244,_search_snippets_distil_lre-4_JSD_lr=6/4/4 scale=1/40 batch= 256_
12/07/2021 11:05:39,50,1.79801,0.84976,0.73639,0.73241,0.59567,_search_snippets_distil_lre-4_JSD_lr=6/4/4 scale=1/40 batch= 256_
12/07/2021 11:07:21,100,5.79427,4.41773,0.74287,0.73703,0.59083,_search_snippets_distil_lre-4_JSD_lr=6/4/4 scale=1/40 batch= 256_
12/07/2021 11:09:04,150,8.27894,6.78205,0.73306,0.73493,0.58660,_search_snippets_distil_lre-4_JSD_lr=6/4/4 scale=1/40 batch= 256_
12/07/2021 11:10:46,200,9.53817,8.02749,0.73647,0.74198,0.60272,_search_snippets_distil_lre-4_JSD_lr=6/4/4 scale=1/40 batch= 256_
12/07/2021 11:12:30,250,10.19638,8.63298,0.75389,0.74433,0.61038,_search_snippets_distil_lre-4_JSD_lr=6/4/4 scale=1/40 batch= 256_
12/07/2021 11:14:12,300,10.47304,8.90736,0.75429,0.74700,0.61414,_search_snippets_distil_lre-4_JSD_lr=6/4/4 scale=1/40 batch= 256_
12/07/2021 11:15:54,350,10.63328,9.00467,0.75502,0.74506,0.61595,_search_snippets_distil_lre-4_JSD_lr=6/4/4 scale=1/40 batch= 256_
12/07/2021 11:17:39,400,10.46562,8.74010,0.75227,0.74473,0.61792,_search_snippets_distil_lre-4_JSD_lr=6/4/4 scale=1/40 batch= 256_
12/07/2021 11:19:21,450,10.36216,8.62805,0.75041,0.74368,0.61805,_search_snippets_distil_lre-4_JSD_lr=6/4/4 scale=1/40 batch= 256_
12/07/2021 11:21:04,500,9.98175,8.17272,0.75113,0.74222,0.61972,_search_snippets_distil_lre-4_JSD_lr=6/4/4 scale=1/40 batch= 256_
12/07/2021 11:22:45,550,9.84962,7.99525,0.75049,0.73963,0.61748,_search_snippets_distil_lre-4_JSD_lr=6/4/4 scale=1/40 batch= 256_
12/07/2021 11:24:26,600,9.76603,7.81610,0.74708,0.73063,0.61110,_search_snippets_distil_lre-4_JSD_lr=6/4/4 scale=1/40 batch= 256_
12/07/2021 11:26:07,650,9.61999,7.63665,0.74652,0.72804,0.61188,_search_snippets_distil_lre-4_JSD_lr=6/4/4 scale=1/40 batch= 256_
12/07/2021 11:27:49,700,9.47087,7.48920,0.74457,0.72739,0.61559,_search_snippets_distil_lre-4_JSD_lr=6/4/4 scale=1/40 batch= 256_
12/07/2021 11:29:31,750,9.16405,7.00839,0.74263,0.72609,0.61346,_search_snippets_distil_lre-4_JSD_lr=6/4/4 scale=1/40 batch= 256_
12/07/2021 11:34:42,0,1.11140,0.01298,0.72925,0.73274,0.59244,_search_snippets_distil_lre-4_JSD_lr=6/4/4 scale=1/80 batch= 256_
12/07/2021 11:36:27,50,4.40252,3.13952,0.73995,0.73468,0.59693,_search_snippets_distil_lre-4_JSD_lr=6/4/4 scale=1/80 batch= 256_
12/07/2021 11:38:11,100,11.94520,10.38672,0.73468,0.73298,0.58288,_search_snippets_distil_lre-4_JSD_lr=6/4/4 scale=1/80 batch= 256_
12/07/2021 11:39:55,150,15.60531,13.97969,0.73096,0.74068,0.59420,_search_snippets_distil_lre-4_JSD_lr=6/4/4 scale=1/80 batch= 256_
12/07/2021 11:41:38,200,17.79557,16.17104,0.74173,0.75024,0.61189,_search_snippets_distil_lre-4_JSD_lr=6/4/4 scale=1/80 batch= 256_
12/07/2021 11:43:22,250,18.99857,17.31522,0.76062,0.75502,0.62077,_search_snippets_distil_lre-4_JSD_lr=6/4/4 scale=1/80 batch= 256_
12/07/2021 11:45:05,300,19.55545,17.86654,0.76102,0.75810,0.62664,_search_snippets_distil_lre-4_JSD_lr=6/4/4 scale=1/80 batch= 256_
12/07/2021 11:46:47,350,19.78931,18.04101,0.76062,0.75381,0.62500,_search_snippets_distil_lre-4_JSD_lr=6/4/4 scale=1/80 batch= 256_
12/07/2021 11:48:31,400,19.25073,17.39750,0.75875,0.75332,0.62817,_search_snippets_distil_lre-4_JSD_lr=6/4/4 scale=1/80 batch= 256_
12/07/2021 11:50:14,450,19.09335,17.21843,0.75729,0.75324,0.63017,_search_snippets_distil_lre-4_JSD_lr=6/4/4 scale=1/80 batch= 256_
12/07/2021 11:51:56,500,18.21161,16.25352,0.75835,0.75032,0.62998,_search_snippets_distil_lre-4_JSD_lr=6/4/4 scale=1/80 batch= 256_
12/07/2021 11:53:38,550,18.04371,16.03249,0.75770,0.74992,0.62930,_search_snippets_distil_lre-4_JSD_lr=6/4/4 scale=1/80 batch= 256_
12/07/2021 11:55:21,600,17.59826,15.45310,0.75600,0.74514,0.62587,_search_snippets_distil_lre-4_JSD_lr=6/4/4 scale=1/80 batch= 256_
12/07/2021 11:57:03,650,17.41814,15.28273,0.77261,0.74036,0.62501,_search_snippets_distil_lre-4_JSD_lr=6/4/4 scale=1/80 batch= 256_
12/07/2021 11:58:47,700,17.06995,14.90913,0.75486,0.73874,0.62484,_search_snippets_distil_lre-4_JSD_lr=6/4/4 scale=1/80 batch= 256_
12/07/2021 12:00:29,750,16.29038,13.93659,0.75251,0.74319,0.62618,_search_snippets_distil_lre-4_JSD_lr=6/4/4 scale=1/80 batch= 256_
12/07/2021 12:02:11,800,15.71328,13.23020,0.75227,0.74384,0.62571,_search_snippets_distil_lre-4_JSD_lr=6/4/4 scale=1/80 batch= 256_
12/07/2021 12:03:54,850,15.65609,13.16358,0.75203,0.74400,0.62484,_search_snippets_distil_lre-4_JSD_lr=6/4/4 scale=1/80 batch= 256_
12/07/2021 12:05:37,900,15.19949,12.59438,0.77634,0.74927,0.62468,_search_snippets_distil_lre-4_JSD_lr=6/4/4 scale=1/80 batch= 256_
12/07/2021 12:07:18,950,14.96918,12.36796,0.77836,0.75818,0.62519,_search_snippets_distil_lre-4_JSD_lr=6/4/4 scale=1/80 batch= 256_
12/07/2021 12:08:59,1000,14.55973,11.75095,0.77966,0.76013,0.62504,_search_snippets_distil_lre-4_JSD_lr=6/4/4 scale=1/80 batch= 256_
12/07/2021 12:10:40,1050,14.69198,11.98708,0.74878,0.76442,0.62590,_search_snippets_distil_lre-4_JSD_lr=6/4/4 scale=1/80 batch= 256_
12/07/2021 12:12:22,1100,14.25545,11.44438,0.74749,0.76815,0.62414,_search_snippets_distil_lre-4_JSD_lr=6/4/4 scale=1/80 batch= 256_
12/07/2021 12:14:03,1150,14.24025,11.42383,0.74692,0.77358,0.62359,_search_snippets_distil_lre-4_JSD_lr=6/4/4 scale=1/80 batch= 256_
12/07/2021 12:15:43,1200,13.95570,10.93885,0.74797,0.77755,0.62528,_search_snippets_distil_lre-4_JSD_lr=6/4/4 scale=1/80 batch= 256_
12/07/2021 12:17:24,1250,13.73669,10.73331,0.74814,0.77569,0.62479,_search_snippets_distil_lre-4_JSD_lr=6/4/4 scale=1/80 batch= 256_
12/07/2021 12:19:05,1300,13.58316,10.60322,0.77496,0.78258,0.62700,_search_snippets_distil_lre-4_JSD_lr=6/4/4 scale=1/80 batch= 256_
12/07/2021 12:20:45,1350,13.27413,10.19337,0.74724,0.78630,0.62718,_search_snippets_distil_lre-4_JSD_lr=6/4/4 scale=1/80 batch= 256_
12/07/2021 12:22:25,1400,12.95953,9.65080,0.76994,0.78963,0.62849,_search_snippets_distil_lre-4_JSD_lr=6/4/4 scale=1/80 batch= 256_
12/07/2021 12:24:05,1450,13.06028,9.87141,0.77237,0.80049,0.63339,_search_snippets_distil_lre-4_JSD_lr=6/4/4 scale=1/80 batch= 256_
12/07/2021 12:25:46,1500,12.72079,9.27132,0.76661,0.80405,0.63285,_search_snippets_distil_lre-4_JSD_lr=6/4/4 scale=1/80 batch= 256_
12/07/2021 12:27:26,1550,12.76126,9.32171,0.74433,0.80041,0.62988,_search_snippets_distil_lre-4_JSD_lr=6/4/4 scale=1/80 batch= 256_
12/07/2021 12:29:07,1600,12.64166,9.24826,0.74457,0.80900,0.63656,_search_snippets_distil_lre-4_JSD_lr=6/4/4 scale=1/80 batch= 256_
12/07/2021 12:30:49,1650,12.64953,9.14793,0.74530,0.81183,0.63758,_search_snippets_distil_lre-4_JSD_lr=6/4/4 scale=1/80 batch= 256_
12/07/2021 12:32:31,1700,12.43121,8.91606,0.74498,0.81361,0.63858,_search_snippets_distil_lre-4_JSD_lr=6/4/4 scale=1/80 batch= 256_
12/07/2021 12:34:13,1750,12.35630,8.81068,0.74571,0.81507,0.64165,_search_snippets_distil_lre-4_JSD_lr=6/4/4 scale=1/80 batch= 256_
12/07/2021 12:35:56,1800,12.19690,8.46015,0.74408,0.81329,0.63968,_search_snippets_distil_lre-4_JSD_lr=6/4/4 scale=1/80 batch= 256_
12/07/2021 12:37:38,1850,11.99358,8.23234,0.74271,0.81507,0.64139,_search_snippets_distil_lre-4_JSD_lr=6/4/4 scale=1/80 batch= 256_
12/07/2021 12:39:20,1900,12.03908,8.24434,0.73987,0.81305,0.63782,_search_snippets_distil_lre-4_JSD_lr=6/4/4 scale=1/80 batch= 256_
12/07/2021 12:41:54,0,1.11465,0.01623,0.72925,0.73274,0.59244,_search_snippets_distil_lre-4_JSD_lr=6/4/4 scale=1/100 batch= 256_
12/07/2021 12:43:38,50,5.74436,4.38261,0.73914,0.73517,0.59579,_search_snippets_distil_lre-4_JSD_lr=6/4/4 scale=1/100 batch= 256_
12/07/2021 12:45:21,100,14.82721,13.22826,0.73290,0.73314,0.58279,_search_snippets_distil_lre-4_JSD_lr=6/4/4 scale=1/100 batch= 256_
12/07/2021 12:47:04,150,19.19760,17.54023,0.73160,0.74133,0.59495,_search_snippets_distil_lre-4_JSD_lr=6/4/4 scale=1/100 batch= 256_
12/07/2021 12:48:48,200,21.87093,20.21498,0.74222,0.75049,0.61237,_search_snippets_distil_lre-4_JSD_lr=6/4/4 scale=1/100 batch= 256_
12/07/2021 12:50:31,250,23.36594,21.65185,0.76037,0.75608,0.62198,_search_snippets_distil_lre-4_JSD_lr=6/4/4 scale=1/100 batch= 256_
12/07/2021 12:52:14,300,24.06522,22.34389,0.76199,0.75843,0.62704,_search_snippets_distil_lre-4_JSD_lr=6/4/4 scale=1/100 batch= 256_
12/07/2021 12:53:56,350,24.34436,22.56192,0.76078,0.75421,0.62585,_search_snippets_distil_lre-4_JSD_lr=6/4/4 scale=1/100 batch= 256_
12/07/2021 12:55:38,400,23.63576,21.74512,0.75883,0.75373,0.62862,_search_snippets_distil_lre-4_JSD_lr=6/4/4 scale=1/100 batch= 256_
12/07/2021 12:57:21,450,23.43849,21.52289,0.75810,0.75276,0.63013,_search_snippets_distil_lre-4_JSD_lr=6/4/4 scale=1/100 batch= 256_
12/07/2021 12:59:02,500,22.30834,20.30823,0.77593,0.75097,0.63112,_search_snippets_distil_lre-4_JSD_lr=6/4/4 scale=1/100 batch= 256_
12/07/2021 13:00:43,550,22.07821,20.02475,0.75843,0.74935,0.62948,_search_snippets_distil_lre-4_JSD_lr=6/4/4 scale=1/100 batch= 256_
12/07/2021 13:02:24,600,21.49893,19.30624,0.75640,0.74498,0.62611,_search_snippets_distil_lre-4_JSD_lr=6/4/4 scale=1/100 batch= 256_
12/07/2021 13:04:07,650,21.24544,19.05940,0.77237,0.73874,0.62495,_search_snippets_distil_lre-4_JSD_lr=6/4/4 scale=1/100 batch= 256_
12/07/2021 13:05:49,700,20.85288,18.65223,0.77318,0.73655,0.62499,_search_snippets_distil_lre-4_JSD_lr=6/4/4 scale=1/100 batch= 256_
12/07/2021 13:07:31,750,19.82753,17.42286,0.75284,0.74230,0.62553,_search_snippets_distil_lre-4_JSD_lr=6/4/4 scale=1/100 batch= 256_
12/07/2021 13:09:13,800,19.05165,16.51684,0.75276,0.74335,0.62522,_search_snippets_distil_lre-4_JSD_lr=6/4/4 scale=1/100 batch= 256_
12/07/2021 13:10:54,850,18.94560,16.39608,0.75276,0.74554,0.62530,_search_snippets_distil_lre-4_JSD_lr=6/4/4 scale=1/100 batch= 256_
12/07/2021 13:12:37,900,18.37903,15.71302,0.77488,0.74927,0.62341,_search_snippets_distil_lre-4_JSD_lr=6/4/4 scale=1/100 batch= 256_
12/07/2021 13:14:19,950,18.10651,15.45064,0.77658,0.75924,0.62472,_search_snippets_distil_lre-4_JSD_lr=6/4/4 scale=1/100 batch= 256_
12/07/2021 13:15:59,1000,17.51419,14.63119,0.75024,0.75891,0.62578,_search_snippets_distil_lre-4_JSD_lr=6/4/4 scale=1/100 batch= 256_
12/07/2021 13:17:39,1050,17.62827,14.84493,0.77253,0.76118,0.62372,_search_snippets_distil_lre-4_JSD_lr=6/4/4 scale=1/100 batch= 256_
12/07/2021 13:19:22,1100,17.06441,14.15735,0.77123,0.76677,0.62376,_search_snippets_distil_lre-4_JSD_lr=6/4/4 scale=1/100 batch= 256_
12/07/2021 13:21:03,1150,16.99692,14.08362,0.77010,0.77212,0.62350,_search_snippets_distil_lre-4_JSD_lr=6/4/4 scale=1/100 batch= 256_
12/07/2021 13:22:44,1200,16.53994,13.39683,0.77091,0.77666,0.62526,_search_snippets_distil_lre-4_JSD_lr=6/4/4 scale=1/100 batch= 256_
12/07/2021 13:24:26,1250,16.47855,13.39572,0.77374,0.77804,0.62504,_search_snippets_distil_lre-4_JSD_lr=6/4/4 scale=1/100 batch= 256_
12/07/2021 13:26:06,1300,16.14681,13.08395,0.74530,0.77869,0.62563,_search_snippets_distil_lre-4_JSD_lr=6/4/4 scale=1/100 batch= 256_
12/07/2021 13:27:48,1350,15.81422,12.63196,0.77220,0.78428,0.62722,_search_snippets_distil_lre-4_JSD_lr=6/4/4 scale=1/100 batch= 256_
12/07/2021 13:29:30,1400,15.47252,12.07654,0.74254,0.78955,0.62665,_search_snippets_distil_lre-4_JSD_lr=6/4/4 scale=1/100 batch= 256_
12/07/2021 13:31:11,1450,15.55306,12.25595,0.76937,0.79441,0.62863,_search_snippets_distil_lre-4_JSD_lr=6/4/4 scale=1/100 batch= 256_
12/07/2021 13:32:53,1500,15.11595,11.55648,0.76872,0.79619,0.62678,_search_snippets_distil_lre-4_JSD_lr=6/4/4 scale=1/100 batch= 256_
12/07/2021 13:34:34,1550,15.13807,11.56012,0.74230,0.79506,0.62544,_search_snippets_distil_lre-4_JSD_lr=6/4/4 scale=1/100 batch= 256_
12/07/2021 13:36:16,1600,14.89016,11.38083,0.77350,0.80932,0.63587,_search_snippets_distil_lre-4_JSD_lr=6/4/4 scale=1/100 batch= 256_
12/07/2021 13:38:02,1650,14.88119,11.22435,0.76345,0.80940,0.63526,_search_snippets_distil_lre-4_JSD_lr=6/4/4 scale=1/100 batch= 256_
12/07/2021 13:39:47,1700,14.60445,10.94413,0.76904,0.81232,0.63757,_search_snippets_distil_lre-4_JSD_lr=6/4/4 scale=1/100 batch= 256_
12/07/2021 13:41:29,1750,14.53006,10.81208,0.74733,0.81418,0.63922,_search_snippets_distil_lre-4_JSD_lr=6/4/4 scale=1/100 batch= 256_
12/07/2021 13:43:11,1800,14.42644,10.52830,0.76353,0.81337,0.63729,_search_snippets_distil_lre-4_JSD_lr=6/4/4 scale=1/100 batch= 256_
12/07/2021 13:44:53,1850,14.02046,10.08019,0.76872,0.81410,0.63878,_search_snippets_distil_lre-4_JSD_lr=6/4/4 scale=1/100 batch= 256_
12/07/2021 13:46:36,1900,14.04172,10.04658,0.74554,0.81337,0.63769,_search_snippets_distil_lre-4_JSD_lr=6/4/4 scale=1/100 batch= 256_
12/07/2021 13:48:18,1950,13.97672,10.01258,0.76669,0.81426,0.63907,_search_snippets_distil_lre-4_JSD_lr=6/4/4 scale=1/100 batch= 256_
12/07/2021 13:50:01,2000,14.14424,10.13563,0.76580,0.81605,0.64052,_search_snippets_distil_lre-4_JSD_lr=6/4/4 scale=1/100 batch= 256_
12/07/2021 13:51:43,2050,14.21312,10.02836,0.76183,0.81653,0.64109,_search_snippets_distil_lre-4_JSD_lr=6/4/4 scale=1/100 batch= 256_
12/07/2021 13:53:26,2100,13.72798,9.35487,0.75875,0.81321,0.63736,_search_snippets_distil_lre-4_JSD_lr=6/4/4 scale=1/100 batch= 256_
12/07/2021 13:55:08,2150,13.67438,9.44560,0.76361,0.81280,0.63602,_search_snippets_distil_lre-4_JSD_lr=6/4/4 scale=1/100 batch= 256_
12/07/2021 13:56:51,2200,13.61438,9.30007,0.75600,0.81037,0.63189,_search_snippets_distil_lre-4_JSD_lr=6/4/4 scale=1/100 batch= 256_
12/07/2021 13:58:33,2250,13.82902,9.21371,0.75559,0.81086,0.63270,_search_snippets_distil_lre-4_JSD_lr=6/4/4 scale=1/100 batch= 256_
12/07/2021 14:00:15,2300,13.63107,9.13729,0.75616,0.80989,0.63209,_search_snippets_distil_lre-4_JSD_lr=6/4/4 scale=1/100 batch= 256_
12/07/2021 14:01:57,2350,13.58945,9.12226,0.75470,0.80446,0.62538,_search_snippets_distil_lre-4_JSD_lr=6/4/4 scale=1/100 batch= 256_
12/07/2021 14:03:39,2400,13.37515,8.72502,0.74935,0.80065,0.62123,_search_snippets_distil_lre-4_JSD_lr=6/4/4 scale=1/100 batch= 256_
12/07/2021 14:05:21,2450,13.63941,9.05869,0.74822,0.79903,0.62039,_search_snippets_distil_lre-4_JSD_lr=6/4/4 scale=1/100 batch= 256_
12/07/2021 14:07:05,2500,13.50172,8.68670,0.75470,0.79165,0.61343,_search_snippets_distil_lre-4_JSD_lr=6/4/4 scale=1/100 batch= 256_
12/07/2021 14:08:47,2550,13.28966,8.71543,0.74489,0.78533,0.60604,_search_snippets_distil_lre-4_JSD_lr=6/4/4 scale=1/100 batch= 256_
12/07/2021 14:10:29,2600,12.88261,8.20987,0.75421,0.78420,0.61101,_search_snippets_distil_lre-4_JSD_lr=6/4/4 scale=1/100 batch= 256_
12/07/2021 14:12:12,2650,13.26370,8.56520,0.75567,0.77066,0.59986,_search_snippets_distil_lre-4_JSD_lr=6/4/4 scale=1/100 batch= 256_
12/07/2021 14:13:54,2700,13.16394,8.41607,0.74587,0.75032,0.58132,_search_snippets_distil_lre-4_JSD_lr=6/4/4 scale=1/100 batch= 256_
12/07/2021 14:15:35,2750,12.75076,7.80262,0.74538,0.73298,0.56615,_search_snippets_distil_lre-4_JSD_lr=6/4/4 scale=1/100 batch= 256_
12/07/2021 14:17:17,2800,13.18702,8.36520,0.74579,0.70016,0.54322,_search_snippets_distil_lre-4_JSD_lr=6/4/4 scale=1/100 batch= 256_
12/07/2021 14:18:59,2850,13.64462,8.76569,0.73217,0.63736,0.49254,_search_snippets_distil_lre-4_JSD_lr=6/4/4 scale=1/100 batch= 256_
12/07/2021 14:20:42,2900,13.12653,8.06756,0.72642,0.61199,0.48053,_search_snippets_distil_lre-4_JSD_lr=6/4/4 scale=1/100 batch= 256_
12/07/2021 14:30:20,0,1.10110,0.00657,0.72901,0.73266,0.59237,_search_snippets_distil_lre-4_JSD_lr=6/4/4 scale=1/40 batch= 300_
12/07/2021 14:32:22,50,1.79771,0.84827,0.73865,0.73371,0.59523,_search_snippets_distil_lre-4_JSD_lr=6/4/4 scale=1/40 batch= 300_
12/07/2021 14:34:21,100,5.66568,4.28963,0.74044,0.73809,0.59301,_search_snippets_distil_lre-4_JSD_lr=6/4/4 scale=1/40 batch= 300_
12/07/2021 14:36:19,150,8.26452,6.78927,0.73404,0.73663,0.58959,_search_snippets_distil_lre-4_JSD_lr=6/4/4 scale=1/40 batch= 300_
12/07/2021 14:38:17,200,9.62089,8.10296,0.73712,0.74433,0.60572,_search_snippets_distil_lre-4_JSD_lr=6/4/4 scale=1/40 batch= 300_
12/07/2021 14:40:16,250,10.55494,9.00311,0.75365,0.74684,0.61264,_search_snippets_distil_lre-4_JSD_lr=6/4/4 scale=1/40 batch= 300_
12/07/2021 14:42:17,300,10.42819,8.84917,0.75194,0.75227,0.61980,_search_snippets_distil_lre-4_JSD_lr=6/4/4 scale=1/40 batch= 300_
12/07/2021 14:44:17,350,10.52010,8.85690,0.75462,0.74838,0.61898,_search_snippets_distil_lre-4_JSD_lr=6/4/4 scale=1/40 batch= 300_
12/07/2021 14:46:15,400,10.41662,8.71420,0.75429,0.74765,0.61999,_search_snippets_distil_lre-4_JSD_lr=6/4/4 scale=1/40 batch= 300_
12/07/2021 14:48:11,450,10.38915,8.67755,0.75316,0.74781,0.62167,_search_snippets_distil_lre-4_JSD_lr=6/4/4 scale=1/40 batch= 300_
12/07/2021 14:50:12,500,10.13256,8.27435,0.75227,0.74595,0.62205,_search_snippets_distil_lre-4_JSD_lr=6/4/4 scale=1/40 batch= 300_
12/07/2021 14:52:09,550,9.95598,8.10829,0.75105,0.74417,0.62265,_search_snippets_distil_lre-4_JSD_lr=6/4/4 scale=1/40 batch= 300_
12/07/2021 14:54:06,600,9.72569,7.80006,0.74951,0.74117,0.62188,_search_snippets_distil_lre-4_JSD_lr=6/4/4 scale=1/40 batch= 300_
12/07/2021 14:56:01,650,9.41149,7.34730,0.74959,0.73987,0.62264,_search_snippets_distil_lre-4_JSD_lr=6/4/4 scale=1/40 batch= 300_
12/07/2021 14:57:59,700,9.32793,7.24925,0.74895,0.73241,0.61872,_search_snippets_distil_lre-4_JSD_lr=6/4/4 scale=1/40 batch= 300_
12/07/2021 14:59:55,750,9.28239,7.19476,0.74692,0.73549,0.61751,_search_snippets_distil_lre-4_JSD_lr=6/4/4 scale=1/40 batch= 300_
12/07/2021 15:01:51,800,9.09179,6.88122,0.74368,0.74182,0.61744,_search_snippets_distil_lre-4_JSD_lr=6/4/4 scale=1/40 batch= 300_
12/07/2021 15:03:47,850,8.95735,6.74612,0.74327,0.74627,0.61701,_search_snippets_distil_lre-4_JSD_lr=6/4/4 scale=1/40 batch= 300_
12/07/2021 15:05:44,900,8.74062,6.38643,0.74133,0.75276,0.61557,_search_snippets_distil_lre-4_JSD_lr=6/4/4 scale=1/40 batch= 300_
12/07/2021 15:07:39,950,8.63363,6.26598,0.73938,0.75705,0.61647,_search_snippets_distil_lre-4_JSD_lr=6/4/4 scale=1/40 batch= 300_
12/07/2021 15:09:36,1000,8.59816,6.24271,0.73736,0.75827,0.61631,_search_snippets_distil_lre-4_JSD_lr=6/4/4 scale=1/40 batch= 300_
12/07/2021 15:11:30,1050,8.41908,5.89554,0.73947,0.76653,0.61915,_search_snippets_distil_lre-4_JSD_lr=6/4/4 scale=1/40 batch= 300_
12/07/2021 15:13:28,1100,8.37616,5.95774,0.73841,0.77139,0.61927,_search_snippets_distil_lre-4_JSD_lr=6/4/4 scale=1/40 batch= 300_
12/07/2021 15:15:23,1150,8.33658,5.66860,0.73314,0.77699,0.61857,_search_snippets_distil_lre-4_JSD_lr=6/4/4 scale=1/40 batch= 300_
12/07/2021 15:17:21,1200,8.22344,5.66510,0.73760,0.78533,0.62438,_search_snippets_distil_lre-4_JSD_lr=6/4/4 scale=1/40 batch= 300_
12/07/2021 15:19:19,1250,8.16629,5.49961,0.73444,0.78703,0.62164,_search_snippets_distil_lre-4_JSD_lr=6/4/4 scale=1/40 batch= 300_
12/07/2021 15:21:17,1300,8.07850,5.39326,0.73347,0.79554,0.62521,_search_snippets_distil_lre-4_JSD_lr=6/4/4 scale=1/40 batch= 300_
12/07/2021 15:23:14,1350,8.04425,5.36392,0.73404,0.79895,0.62526,_search_snippets_distil_lre-4_JSD_lr=6/4/4 scale=1/40 batch= 300_
12/07/2021 15:25:12,1400,7.88727,5.12075,0.73582,0.80737,0.63246,_search_snippets_distil_lre-4_JSD_lr=6/4/4 scale=1/40 batch= 300_
12/07/2021 15:27:11,1450,7.88902,4.99174,0.73582,0.81053,0.63596,_search_snippets_distil_lre-4_JSD_lr=6/4/4 scale=1/40 batch= 300_
12/07/2021 15:29:08,1500,7.86117,4.91622,0.73809,0.80891,0.63365,_search_snippets_distil_lre-4_JSD_lr=6/4/4 scale=1/40 batch= 300_
12/07/2021 15:31:04,1550,7.81962,4.99635,0.73476,0.81264,0.63777,_search_snippets_distil_lre-4_JSD_lr=6/4/4 scale=1/40 batch= 300_
12/07/2021 15:33:00,1600,7.88870,4.92355,0.73630,0.81329,0.63821,_search_snippets_distil_lre-4_JSD_lr=6/4/4 scale=1/40 batch= 300_
12/07/2021 15:34:58,1650,7.70940,4.79886,0.73566,0.81240,0.63702,_search_snippets_distil_lre-4_JSD_lr=6/4/4 scale=1/40 batch= 300_
12/07/2021 15:36:55,1700,7.70472,4.79408,0.73306,0.80656,0.62965,_search_snippets_distil_lre-4_JSD_lr=6/4/4 scale=1/40 batch= 300_
12/07/2021 15:38:51,1750,7.73894,4.75269,0.73177,0.80583,0.62862,_search_snippets_distil_lre-4_JSD_lr=6/4/4 scale=1/40 batch= 300_
12/07/2021 15:44:01,0,1.10491,0.00649,0.72934,0.73274,0.59244,_search_snippets_distil_lre-4_JSD_lr=6/4/4 scale=1/40 batch= 256_
12/07/2021 15:45:46,50,1.79801,0.84976,0.73639,0.73241,0.59567,_search_snippets_distil_lre-4_JSD_lr=6/4/4 scale=1/40 batch= 256_
12/07/2021 15:47:31,100,5.79427,4.41773,0.74287,0.73703,0.59083,_search_snippets_distil_lre-4_JSD_lr=6/4/4 scale=1/40 batch= 256_
12/07/2021 15:49:16,150,8.27894,6.78205,0.73306,0.73493,0.58660,_search_snippets_distil_lre-4_JSD_lr=6/4/4 scale=1/40 batch= 256_
12/07/2021 15:50:59,200,9.53798,8.02740,0.73590,0.74190,0.60258,_search_snippets_distil_lre-4_JSD_lr=6/4/4 scale=1/40 batch= 256_
12/07/2021 15:52:44,250,10.19567,8.63241,0.75381,0.74425,0.61025,_search_snippets_distil_lre-4_JSD_lr=6/4/4 scale=1/40 batch= 256_
12/07/2021 15:54:28,300,10.47692,8.91106,0.75494,0.74733,0.61455,_search_snippets_distil_lre-4_JSD_lr=6/4/4 scale=1/40 batch= 256_
12/07/2021 15:56:12,350,10.63325,9.00505,0.75494,0.74489,0.61602,_search_snippets_distil_lre-4_JSD_lr=6/4/4 scale=1/40 batch= 256_
12/07/2021 15:57:57,400,10.46648,8.74154,0.75243,0.74449,0.61762,_search_snippets_distil_lre-4_JSD_lr=6/4/4 scale=1/40 batch= 256_
12/07/2021 15:59:41,450,10.36237,8.62871,0.75065,0.74376,0.61817,_search_snippets_distil_lre-4_JSD_lr=6/4/4 scale=1/40 batch= 256_
12/07/2021 16:01:25,500,9.98066,8.17145,0.75138,0.74182,0.61947,_search_snippets_distil_lre-4_JSD_lr=6/4/4 scale=1/40 batch= 256_
12/07/2021 16:03:07,550,9.84894,7.99500,0.75105,0.74003,0.61773,_search_snippets_distil_lre-4_JSD_lr=6/4/4 scale=1/40 batch= 256_
12/07/2021 16:04:50,600,9.76743,7.81772,0.74692,0.73006,0.61140,_search_snippets_distil_lre-4_JSD_lr=6/4/4 scale=1/40 batch= 256_
12/07/2021 16:06:32,650,9.61660,7.63130,0.74627,0.72853,0.61225,_search_snippets_distil_lre-4_JSD_lr=6/4/4 scale=1/40 batch= 256_
12/07/2021 16:08:16,700,9.47324,7.49213,0.76434,0.72699,0.61560,_search_snippets_distil_lre-4_JSD_lr=6/4/4 scale=1/40 batch= 256_
12/07/2021 16:10:00,750,9.17264,7.01641,0.74246,0.72577,0.61326,_search_snippets_distil_lre-4_JSD_lr=6/4/4 scale=1/40 batch= 256_
12/07/2021 16:11:42,800,8.96283,6.71458,0.74198,0.72828,0.61436,_search_snippets_distil_lre-4_JSD_lr=6/4/4 scale=1/40 batch= 256_
12/07/2021 16:13:25,850,8.90142,6.65552,0.74335,0.72682,0.61133,_search_snippets_distil_lre-4_JSD_lr=6/4/4 scale=1/40 batch= 256_
12/07/2021 16:15:09,900,8.75488,6.40558,0.74319,0.73088,0.61022,_search_snippets_distil_lre-4_JSD_lr=6/4/4 scale=1/40 batch= 256_
12/07/2021 16:16:51,950,8.67838,6.33868,0.74149,0.74408,0.61155,_search_snippets_distil_lre-4_JSD_lr=6/4/4 scale=1/40 batch= 256_
12/07/2021 16:18:34,1000,8.52840,6.03563,0.74198,0.74927,0.61225,_search_snippets_distil_lre-4_JSD_lr=6/4/4 scale=1/40 batch= 256_
12/07/2021 16:20:16,1050,8.52667,6.11453,0.73971,0.75259,0.61183,_search_snippets_distil_lre-4_JSD_lr=6/4/4 scale=1/40 batch= 256_
12/07/2021 16:22:01,1100,8.38623,5.89352,0.74011,0.76045,0.61307,_search_snippets_distil_lre-4_JSD_lr=6/4/4 scale=1/40 batch= 256_
12/07/2021 16:23:45,1150,8.38891,5.89279,0.73890,0.76702,0.61480,_search_snippets_distil_lre-4_JSD_lr=6/4/4 scale=1/40 batch= 256_
12/07/2021 16:25:28,1200,8.25494,5.61290,0.73857,0.77091,0.61373,_search_snippets_distil_lre-4_JSD_lr=6/4/4 scale=1/40 batch= 256_
12/07/2021 16:27:12,1250,8.18882,5.57116,0.73671,0.77585,0.61373,_search_snippets_distil_lre-4_JSD_lr=6/4/4 scale=1/40 batch= 256_
12/07/2021 16:28:56,1300,8.15022,5.51770,0.73630,0.79182,0.62113,_search_snippets_distil_lre-4_JSD_lr=6/4/4 scale=1/40 batch= 256_
12/07/2021 16:30:39,1350,7.97759,5.28428,0.73444,0.79465,0.62054,_search_snippets_distil_lre-4_JSD_lr=6/4/4 scale=1/40 batch= 256_
12/07/2021 16:32:24,1400,7.99837,5.17622,0.73233,0.79959,0.62491,_search_snippets_distil_lre-4_JSD_lr=6/4/4 scale=1/40 batch= 256_
12/07/2021 16:34:09,1450,7.89561,5.10514,0.73266,0.80259,0.62825,_search_snippets_distil_lre-4_JSD_lr=6/4/4 scale=1/40 batch= 256_
12/07/2021 16:35:53,1500,7.84365,4.90912,0.73201,0.79984,0.62080,_search_snippets_distil_lre-4_JSD_lr=6/4/4 scale=1/40 batch= 256_
12/07/2021 16:37:36,1550,7.89887,4.99408,0.73298,0.79822,0.61771,_search_snippets_distil_lre-4_JSD_lr=6/4/4 scale=1/40 batch= 256_
12/07/2021 16:39:20,1600,7.76468,4.89549,0.73501,0.80146,0.62142,_search_snippets_distil_lre-4_JSD_lr=6/4/4 scale=1/40 batch= 256_
12/07/2021 16:41:03,1650,7.82249,4.89907,0.73476,0.80113,0.62056,_search_snippets_distil_lre-4_JSD_lr=6/4/4 scale=1/40 batch= 256_
12/07/2021 16:42:46,1700,7.73698,4.81210,0.73501,0.80000,0.61997,_search_snippets_distil_lre-4_JSD_lr=6/4/4 scale=1/40 batch= 256_
12/07/2021 16:44:29,1750,7.73731,4.80198,0.73298,0.79692,0.61757,_search_snippets_distil_lre-4_JSD_lr=6/4/4 scale=1/40 batch= 256_
12/07/2021 16:46:14,1800,7.66053,4.61283,0.73250,0.79287,0.61233,_search_snippets_distil_lre-4_JSD_lr=6/4/4 scale=1/40 batch= 256_
12/07/2021 16:49:36,0,1.10816,0.00973,0.72909,0.73274,0.59244,_search_snippets_distil_lre-4_JSD_lr=6/4/4 scale=1/60 batch= 256_
12/07/2021 16:51:22,50,3.05045,1.92626,0.73930,0.73363,0.59632,_search_snippets_distil_lre-4_JSD_lr=6/4/4 scale=1/60 batch= 256_
12/07/2021 16:53:07,100,8.97892,7.48141,0.74190,0.73606,0.58739,_search_snippets_distil_lre-4_JSD_lr=6/4/4 scale=1/60 batch= 256_
12/07/2021 16:54:51,150,11.97877,10.39898,0.73193,0.73979,0.59237,_search_snippets_distil_lre-4_JSD_lr=6/4/4 scale=1/60 batch= 256_
12/07/2021 16:56:35,200,13.68739,12.10575,0.74092,0.74976,0.61091,_search_snippets_distil_lre-4_JSD_lr=6/4/4 scale=1/60 batch= 256_
12/07/2021 16:58:19,250,14.60598,12.96897,0.75948,0.75348,0.61891,_search_snippets_distil_lre-4_JSD_lr=6/4/4 scale=1/60 batch= 256_
12/07/2021 17:00:02,300,15.03315,13.39126,0.76005,0.75770,0.62488,_search_snippets_distil_lre-4_JSD_lr=6/4/4 scale=1/60 batch= 256_
12/07/2021 17:01:44,350,15.22235,13.52193,0.75997,0.75405,0.62416,_search_snippets_distil_lre-4_JSD_lr=6/4/4 scale=1/60 batch= 256_
12/07/2021 17:03:26,400,14.85442,13.05502,0.75794,0.75251,0.62640,_search_snippets_distil_lre-4_JSD_lr=6/4/4 scale=1/60 batch= 256_
12/07/2021 17:05:09,450,14.73260,12.91508,0.75665,0.75227,0.62813,_search_snippets_distil_lre-4_JSD_lr=6/4/4 scale=1/60 batch= 256_
12/07/2021 17:06:50,500,14.09524,12.19429,0.75640,0.74878,0.62722,_search_snippets_distil_lre-4_JSD_lr=6/4/4 scale=1/60 batch= 256_
12/07/2021 17:08:32,550,13.97010,12.01849,0.75543,0.74959,0.62801,_search_snippets_distil_lre-4_JSD_lr=6/4/4 scale=1/60 batch= 256_
12/07/2021 17:10:14,600,13.68792,11.61107,0.75413,0.74417,0.62381,_search_snippets_distil_lre-4_JSD_lr=6/4/4 scale=1/60 batch= 256_
12/07/2021 17:11:55,650,13.54408,11.47672,0.77334,0.73947,0.62345,_search_snippets_distil_lre-4_JSD_lr=6/4/4 scale=1/60 batch= 256_
12/07/2021 17:13:37,700,13.27419,11.18736,0.75324,0.73776,0.62373,_search_snippets_distil_lre-4_JSD_lr=6/4/4 scale=1/60 batch= 256_
12/07/2021 17:15:20,750,12.74563,10.46699,0.75154,0.74198,0.62583,_search_snippets_distil_lre-4_JSD_lr=6/4/4 scale=1/60 batch= 256_
12/07/2021 17:17:02,800,12.35526,9.96110,0.75130,0.74263,0.62532,_search_snippets_distil_lre-4_JSD_lr=6/4/4 scale=1/60 batch= 256_
12/07/2021 17:18:42,850,12.35320,9.96329,0.75170,0.74319,0.62439,_search_snippets_distil_lre-4_JSD_lr=6/4/4 scale=1/60 batch= 256_
12/07/2021 17:20:24,900,11.97482,9.45984,0.75211,0.75032,0.62596,_search_snippets_distil_lre-4_JSD_lr=6/4/4 scale=1/60 batch= 256_
12/07/2021 17:22:06,950,11.84039,9.34526,0.75251,0.76070,0.62701,_search_snippets_distil_lre-4_JSD_lr=6/4/4 scale=1/60 batch= 256_
12/07/2021 17:23:46,1000,11.53312,8.83762,0.75300,0.76337,0.62805,_search_snippets_distil_lre-4_JSD_lr=6/4/4 scale=1/60 batch= 256_
12/07/2021 17:25:27,1050,11.59521,9.01078,0.75219,0.76848,0.62858,_search_snippets_distil_lre-4_JSD_lr=6/4/4 scale=1/60 batch= 256_
12/07/2021 17:27:09,1100,11.40355,8.71250,0.74903,0.77285,0.62848,_search_snippets_distil_lre-4_JSD_lr=6/4/4 scale=1/60 batch= 256_
12/07/2021 17:28:51,1150,11.32964,8.62403,0.74781,0.77869,0.62784,_search_snippets_distil_lre-4_JSD_lr=6/4/4 scale=1/60 batch= 256_
12/07/2021 17:30:32,1200,11.20104,8.32094,0.77804,0.78444,0.62909,_search_snippets_distil_lre-4_JSD_lr=6/4/4 scale=1/60 batch= 256_
12/07/2021 17:32:14,1250,10.95158,8.10120,0.74757,0.78266,0.62791,_search_snippets_distil_lre-4_JSD_lr=6/4/4 scale=1/60 batch= 256_
12/07/2021 17:33:54,1300,10.82594,7.96602,0.74611,0.79060,0.63001,_search_snippets_distil_lre-4_JSD_lr=6/4/4 scale=1/60 batch= 256_
12/07/2021 17:35:36,1350,10.68160,7.74386,0.74611,0.79311,0.63028,_search_snippets_distil_lre-4_JSD_lr=6/4/4 scale=1/60 batch= 256_
12/07/2021 17:37:17,1400,10.52353,7.39499,0.74457,0.80292,0.63565,_search_snippets_distil_lre-4_JSD_lr=6/4/4 scale=1/60 batch= 256_
12/07/2021 17:38:57,1450,10.50781,7.48108,0.74352,0.80705,0.63779,_search_snippets_distil_lre-4_JSD_lr=6/4/4 scale=1/60 batch= 256_
12/07/2021 17:40:37,1500,10.39781,7.14820,0.74368,0.81135,0.63791,_search_snippets_distil_lre-4_JSD_lr=6/4/4 scale=1/60 batch= 256_
12/07/2021 17:42:17,1550,10.30360,7.04985,0.74457,0.81288,0.64000,_search_snippets_distil_lre-4_JSD_lr=6/4/4 scale=1/60 batch= 256_
12/07/2021 17:43:58,1600,10.33247,7.15080,0.74311,0.81556,0.64132,_search_snippets_distil_lre-4_JSD_lr=6/4/4 scale=1/60 batch= 256_
12/07/2021 17:45:39,1650,10.20303,6.91672,0.74408,0.81605,0.64102,_search_snippets_distil_lre-4_JSD_lr=6/4/4 scale=1/60 batch= 256_
12/07/2021 17:47:20,1700,10.19824,6.89574,0.74246,0.81491,0.64003,_search_snippets_distil_lre-4_JSD_lr=6/4/4 scale=1/60 batch= 256_
12/07/2021 17:49:00,1750,10.08223,6.76753,0.74182,0.81637,0.64058,_search_snippets_distil_lre-4_JSD_lr=6/4/4 scale=1/60 batch= 256_
12/07/2021 17:50:43,1800,9.98425,6.50161,0.74230,0.81677,0.64026,_search_snippets_distil_lre-4_JSD_lr=6/4/4 scale=1/60 batch= 256_
12/07/2021 17:52:23,1850,9.84683,6.34578,0.74190,0.81491,0.63823,_search_snippets_distil_lre-4_JSD_lr=6/4/4 scale=1/60 batch= 256_
12/07/2021 17:54:04,1900,9.85808,6.32012,0.74587,0.81126,0.63357,_search_snippets_distil_lre-4_JSD_lr=6/4/4 scale=1/60 batch= 256_
12/07/2021 17:59:41,0,1.10439,0.00986,0.72901,0.73266,0.59237,_search_snippets_distil_lre-4_JSD_lr=6/4/4 scale=1/60 batch= 300_
12/07/2021 18:01:40,50,3.06981,1.94263,0.73938,0.73517,0.59773,_search_snippets_distil_lre-4_JSD_lr=6/4/4 scale=1/60 batch= 300_
12/07/2021 18:03:38,100,8.74551,7.24562,0.74514,0.73801,0.59097,_search_snippets_distil_lre-4_JSD_lr=6/4/4 scale=1/60 batch= 300_
12/07/2021 18:05:35,150,11.94983,10.38965,0.73549,0.73857,0.59180,_search_snippets_distil_lre-4_JSD_lr=6/4/4 scale=1/60 batch= 300_
12/07/2021 18:07:32,200,13.76967,12.17861,0.73947,0.75049,0.61215,_search_snippets_distil_lre-4_JSD_lr=6/4/4 scale=1/60 batch= 300_
12/07/2021 18:09:30,250,15.08806,13.46345,0.75608,0.75219,0.61787,_search_snippets_distil_lre-4_JSD_lr=6/4/4 scale=1/60 batch= 300_
12/07/2021 18:11:26,300,14.92990,13.27234,0.75689,0.75673,0.62468,_search_snippets_distil_lre-4_JSD_lr=6/4/4 scale=1/60 batch= 300_
12/07/2021 18:13:22,350,14.98875,13.24671,0.75665,0.75267,0.62258,_search_snippets_distil_lre-4_JSD_lr=6/4/4 scale=1/60 batch= 300_
12/07/2021 18:15:20,400,14.90214,13.11008,0.75656,0.75194,0.62366,_search_snippets_distil_lre-4_JSD_lr=6/4/4 scale=1/60 batch= 300_
12/07/2021 18:17:16,450,14.81335,13.01805,0.75543,0.75267,0.62724,_search_snippets_distil_lre-4_JSD_lr=6/4/4 scale=1/60 batch= 300_
12/07/2021 18:19:14,500,14.31921,12.36207,0.75608,0.75178,0.62736,_search_snippets_distil_lre-4_JSD_lr=6/4/4 scale=1/60 batch= 300_
12/07/2021 18:21:10,550,14.06352,12.12091,0.75502,0.75146,0.62924,_search_snippets_distil_lre-4_JSD_lr=6/4/4 scale=1/60 batch= 300_
12/07/2021 18:23:06,600,13.72175,11.69989,0.75438,0.74700,0.62633,_search_snippets_distil_lre-4_JSD_lr=6/4/4 scale=1/60 batch= 300_
12/07/2021 18:25:03,650,13.15770,10.98737,0.75332,0.74530,0.62653,_search_snippets_distil_lre-4_JSD_lr=6/4/4 scale=1/60 batch= 300_
12/07/2021 18:26:59,700,13.04890,10.86459,0.75251,0.73817,0.62578,_search_snippets_distil_lre-4_JSD_lr=6/4/4 scale=1/60 batch= 300_
12/07/2021 18:28:56,750,12.89477,10.66451,0.75049,0.74230,0.62374,_search_snippets_distil_lre-4_JSD_lr=6/4/4 scale=1/60 batch= 300_
12/07/2021 18:30:53,800,12.56672,10.21052,0.75024,0.74716,0.62562,_search_snippets_distil_lre-4_JSD_lr=6/4/4 scale=1/60 batch= 300_
12/07/2021 18:32:49,850,12.38155,10.00976,0.74903,0.75251,0.62397,_search_snippets_distil_lre-4_JSD_lr=6/4/4 scale=1/60 batch= 300_
12/07/2021 18:34:46,900,11.98135,9.46535,0.74733,0.75130,0.62209,_search_snippets_distil_lre-4_JSD_lr=6/4/4 scale=1/60 batch= 300_
12/07/2021 18:36:42,950,11.78955,9.27408,0.74465,0.76086,0.62374,_search_snippets_distil_lre-4_JSD_lr=6/4/4 scale=1/60 batch= 300_
12/07/2021 18:38:39,1000,11.76040,9.23584,0.74327,0.75972,0.62067,_search_snippets_distil_lre-4_JSD_lr=6/4/4 scale=1/60 batch= 300_
12/07/2021 18:40:34,1050,11.34393,8.61637,0.74335,0.76840,0.62117,_search_snippets_distil_lre-4_JSD_lr=6/4/4 scale=1/60 batch= 300_
12/07/2021 18:42:31,1100,11.37853,8.77578,0.74157,0.76994,0.62113,_search_snippets_distil_lre-4_JSD_lr=6/4/4 scale=1/60 batch= 300_
12/07/2021 18:44:27,1150,11.23181,8.35292,0.73874,0.77634,0.62070,_search_snippets_distil_lre-4_JSD_lr=6/4/4 scale=1/60 batch= 300_
12/07/2021 18:46:23,1200,11.04809,8.27620,0.74311,0.77755,0.62358,_search_snippets_distil_lre-4_JSD_lr=6/4/4 scale=1/60 batch= 300_
12/07/2021 18:48:19,1250,10.90339,7.99836,0.73955,0.77998,0.62495,_search_snippets_distil_lre-4_JSD_lr=6/4/4 scale=1/60 batch= 300_
12/07/2021 18:50:17,1300,10.79855,7.85664,0.74157,0.78930,0.62732,_search_snippets_distil_lre-4_JSD_lr=6/4/4 scale=1/60 batch= 300_
12/07/2021 18:52:13,1350,10.80341,7.88589,0.74052,0.79619,0.62776,_search_snippets_distil_lre-4_JSD_lr=6/4/4 scale=1/60 batch= 300_
12/07/2021 18:54:09,1400,10.49868,7.47532,0.73922,0.80267,0.62974,_search_snippets_distil_lre-4_JSD_lr=6/4/4 scale=1/60 batch= 300_
12/07/2021 18:56:06,1450,10.49714,7.30398,0.73736,0.80381,0.63045,_search_snippets_distil_lre-4_JSD_lr=6/4/4 scale=1/60 batch= 300_
12/07/2021 18:58:02,1500,10.44013,7.16081,0.74003,0.80827,0.63308,_search_snippets_distil_lre-4_JSD_lr=6/4/4 scale=1/60 batch= 300_
12/07/2021 18:59:58,1550,10.31425,7.16486,0.74011,0.81386,0.63677,_search_snippets_distil_lre-4_JSD_lr=6/4/4 scale=1/60 batch= 300_
12/07/2021 19:01:54,1600,10.41776,7.09216,0.73995,0.81321,0.63574,_search_snippets_distil_lre-4_JSD_lr=6/4/4 scale=1/60 batch= 300_
12/07/2021 19:03:51,1650,10.23399,6.96718,0.73865,0.81467,0.63708,_search_snippets_distil_lre-4_JSD_lr=6/4/4 scale=1/60 batch= 300_
12/07/2021 19:05:47,1700,10.16636,6.87550,0.73938,0.81499,0.63819,_search_snippets_distil_lre-4_JSD_lr=6/4/4 scale=1/60 batch= 300_
12/07/2021 19:07:43,1750,10.21455,6.85453,0.73801,0.81361,0.63625,_search_snippets_distil_lre-4_JSD_lr=6/4/4 scale=1/60 batch= 300_
12/07/2021 19:09:39,1800,9.94109,6.31253,0.74157,0.81442,0.63704,_search_snippets_distil_lre-4_JSD_lr=6/4/4 scale=1/60 batch= 300_
12/07/2021 19:11:34,1850,10.12518,6.59783,0.73857,0.81143,0.63225,_search_snippets_distil_lre-4_JSD_lr=6/4/4 scale=1/60 batch= 300_
12/07/2021 19:13:30,1900,9.98129,6.50126,0.73533,0.80827,0.62845,_search_snippets_distil_lre-4_JSD_lr=6/4/4 scale=1/60 batch= 300_
12/07/2021 19:15:27,1950,9.96577,6.39981,0.73720,0.80956,0.63163,_search_snippets_distil_lre-4_JSD_lr=6/4/4 scale=1/60 batch= 300_
12/07/2021 19:17:25,2000,9.65690,6.05979,0.73566,0.80454,0.62727,_search_snippets_distil_lre-4_JSD_lr=6/4/4 scale=1/60 batch= 300_
12/07/2021 19:19:23,2050,9.74813,6.08674,0.73412,0.80032,0.62242,_search_snippets_distil_lre-4_JSD_lr=6/4/4 scale=1/60 batch= 300_
12/07/2021 19:24:43,0,1.10768,0.01315,0.72877,0.73266,0.59237,_search_snippets_distil_lre-4_JSD_lr=6/4/4 scale=1/80 batch= 300_
12/07/2021 19:26:40,50,4.44840,3.18050,0.73874,0.73614,0.59833,_search_snippets_distil_lre-4_JSD_lr=6/4/4 scale=1/80 batch= 300_
12/07/2021 19:28:35,100,11.60717,10.04779,0.73655,0.73663,0.58778,_search_snippets_distil_lre-4_JSD_lr=6/4/4 scale=1/80 batch= 300_
12/07/2021 19:30:30,150,15.55716,13.94840,0.73209,0.74028,0.59420,_search_snippets_distil_lre-4_JSD_lr=6/4/4 scale=1/80 batch= 300_
12/07/2021 19:32:25,200,17.88044,16.24121,0.74036,0.75146,0.61314,_search_snippets_distil_lre-4_JSD_lr=6/4/4 scale=1/80 batch= 300_
12/07/2021 19:34:19,250,19.61727,17.94756,0.75600,0.75324,0.61847,_search_snippets_distil_lre-4_JSD_lr=6/4/4 scale=1/80 batch= 300_
12/07/2021 19:36:13,300,19.41730,17.70933,0.75827,0.75867,0.62707,_search_snippets_distil_lre-4_JSD_lr=6/4/4 scale=1/80 batch= 300_
12/07/2021 19:38:07,350,19.47907,17.68288,0.75818,0.75616,0.62649,_search_snippets_distil_lre-4_JSD_lr=6/4/4 scale=1/80 batch= 300_
12/07/2021 19:40:02,400,19.37094,17.52066,0.75665,0.75511,0.62738,_search_snippets_distil_lre-4_JSD_lr=6/4/4 scale=1/80 batch= 300_
12/07/2021 19:41:56,450,19.22193,17.37362,0.75624,0.75413,0.62907,_search_snippets_distil_lre-4_JSD_lr=6/4/4 scale=1/80 batch= 300_
12/07/2021 19:43:50,500,18.46396,16.44164,0.75697,0.75348,0.63006,_search_snippets_distil_lre-4_JSD_lr=6/4/4 scale=1/80 batch= 300_
12/07/2021 19:45:42,550,18.13628,16.13151,0.75713,0.75267,0.63179,_search_snippets_distil_lre-4_JSD_lr=6/4/4 scale=1/80 batch= 300_
12/07/2021 19:47:35,600,17.66862,15.57910,0.75575,0.74943,0.62950,_search_snippets_distil_lre-4_JSD_lr=6/4/4 scale=1/80 batch= 300_
12/07/2021 19:49:28,650,16.85964,14.61718,0.75640,0.74814,0.63159,_search_snippets_distil_lre-4_JSD_lr=6/4/4 scale=1/80 batch= 300_
12/07/2021 19:51:22,700,16.70442,14.44656,0.75470,0.74052,0.62753,_search_snippets_distil_lre-4_JSD_lr=6/4/4 scale=1/80 batch= 300_
12/07/2021 19:53:15,750,16.51261,14.21166,0.75130,0.74214,0.62483,_search_snippets_distil_lre-4_JSD_lr=6/4/4 scale=1/80 batch= 300_
12/07/2021 19:55:08,800,16.00129,13.55634,0.75186,0.74611,0.62677,_search_snippets_distil_lre-4_JSD_lr=6/4/4 scale=1/80 batch= 300_
12/07/2021 19:57:02,850,15.72499,13.25266,0.74984,0.75267,0.62358,_search_snippets_distil_lre-4_JSD_lr=6/4/4 scale=1/80 batch= 300_
12/07/2021 19:58:55,900,15.21188,12.60928,0.74733,0.75559,0.62601,_search_snippets_distil_lre-4_JSD_lr=6/4/4 scale=1/80 batch= 300_
12/07/2021 20:00:49,950,14.88989,12.26831,0.74773,0.76232,0.62540,_search_snippets_distil_lre-4_JSD_lr=6/4/4 scale=1/80 batch= 300_
12/07/2021 20:02:44,1000,14.80121,12.16972,0.74652,0.76596,0.62504,_search_snippets_distil_lre-4_JSD_lr=6/4/4 scale=1/80 batch= 300_
12/07/2021 20:04:37,1050,14.27229,11.42615,0.74400,0.77123,0.62472,_search_snippets_distil_lre-4_JSD_lr=6/4/4 scale=1/80 batch= 300_
12/07/2021 20:06:31,1100,14.46742,11.76626,0.74360,0.77156,0.62459,_search_snippets_distil_lre-4_JSD_lr=6/4/4 scale=1/80 batch= 300_
12/07/2021 20:08:25,1150,13.97088,10.94067,0.74360,0.77261,0.62368,_search_snippets_distil_lre-4_JSD_lr=6/4/4 scale=1/80 batch= 300_
12/07/2021 20:10:18,1200,13.95336,11.05736,0.74368,0.77909,0.62668,_search_snippets_distil_lre-4_JSD_lr=6/4/4 scale=1/80 batch= 300_
12/07/2021 20:12:10,1250,13.67523,10.62199,0.74198,0.77885,0.62490,_search_snippets_distil_lre-4_JSD_lr=6/4/4 scale=1/80 batch= 300_
12/07/2021 20:14:04,1300,13.39845,10.30260,0.74182,0.78420,0.62643,_search_snippets_distil_lre-4_JSD_lr=6/4/4 scale=1/80 batch= 300_
12/07/2021 20:15:56,1350,13.36938,10.26215,0.74263,0.78857,0.62819,_search_snippets_distil_lre-4_JSD_lr=6/4/4 scale=1/80 batch= 300_
12/07/2021 20:17:50,1400,12.97021,9.79757,0.74222,0.79457,0.62880,_search_snippets_distil_lre-4_JSD_lr=6/4/4 scale=1/80 batch= 300_
12/07/2021 20:19:44,1450,12.94231,9.55379,0.74425,0.80373,0.63072,_search_snippets_distil_lre-4_JSD_lr=6/4/4 scale=1/80 batch= 300_
12/07/2021 20:21:37,1500,12.83694,9.35830,0.74198,0.80259,0.62935,_search_snippets_distil_lre-4_JSD_lr=6/4/4 scale=1/80 batch= 300_
12/07/2021 20:23:31,1550,12.70180,9.36511,0.74109,0.81078,0.63356,_search_snippets_distil_lre-4_JSD_lr=6/4/4 scale=1/80 batch= 300_
12/07/2021 20:25:24,1600,12.78941,9.25397,0.74376,0.81183,0.63541,_search_snippets_distil_lre-4_JSD_lr=6/4/4 scale=1/80 batch= 300_
12/07/2021 20:27:18,1650,12.52624,9.06811,0.73971,0.81426,0.63705,_search_snippets_distil_lre-4_JSD_lr=6/4/4 scale=1/80 batch= 300_
12/07/2021 20:29:11,1700,12.52131,8.99361,0.74279,0.81588,0.63867,_search_snippets_distil_lre-4_JSD_lr=6/4/4 scale=1/80 batch= 300_
12/07/2021 20:31:05,1750,12.48350,8.91530,0.73703,0.81151,0.63103,_search_snippets_distil_lre-4_JSD_lr=6/4/4 scale=1/80 batch= 300_
12/07/2021 20:32:58,1800,12.20395,8.24131,0.74303,0.81564,0.63735,_search_snippets_distil_lre-4_JSD_lr=6/4/4 scale=1/80 batch= 300_
12/07/2021 20:34:50,1850,12.16300,8.32615,0.74538,0.81418,0.63562,_search_snippets_distil_lre-4_JSD_lr=6/4/4 scale=1/80 batch= 300_
12/07/2021 20:36:44,1900,12.02397,8.28148,0.74465,0.81767,0.64088,_search_snippets_distil_lre-4_JSD_lr=6/4/4 scale=1/80 batch= 300_
12/07/2021 20:38:37,1950,12.14164,8.26981,0.74335,0.81621,0.63943,_search_snippets_distil_lre-4_JSD_lr=6/4/4 scale=1/80 batch= 300_
12/07/2021 20:40:30,2000,11.78340,7.91501,0.74206,0.81507,0.63789,_search_snippets_distil_lre-4_JSD_lr=6/4/4 scale=1/80 batch= 300_
12/07/2021 20:42:24,2050,11.77795,7.80175,0.74165,0.81313,0.63524,_search_snippets_distil_lre-4_JSD_lr=6/4/4 scale=1/80 batch= 300_
12/07/2021 20:44:16,2100,11.82616,7.79655,0.74230,0.81410,0.63674,_search_snippets_distil_lre-4_JSD_lr=6/4/4 scale=1/80 batch= 300_
12/07/2021 20:46:09,2150,11.72345,7.70763,0.74449,0.81029,0.63087,_search_snippets_distil_lre-4_JSD_lr=6/4/4 scale=1/80 batch= 300_
12/07/2021 20:48:58,0,1.11096,0.01643,0.72877,0.73266,0.59237,_search_snippets_distil_lre-4_JSD_lr=6/4/4 scale=1/100 batch= 300_
12/07/2021 20:50:57,50,5.80915,4.44256,0.73817,0.73639,0.59733,_search_snippets_distil_lre-4_JSD_lr=6/4/4 scale=1/100 batch= 300_
12/07/2021 20:54:12,0,1.11140,0.01298,0.72925,0.73274,0.59244,_search_snippets_distil_lre-4_JSD_lr=6/4/4 scale=1/80 batch= 256_
12/07/2021 20:55:57,50,4.40252,3.13952,0.73995,0.73468,0.59693,_search_snippets_distil_lre-4_JSD_lr=6/4/4 scale=1/80 batch= 256_
12/07/2021 20:57:41,100,11.94520,10.38671,0.73363,0.73298,0.58288,_search_snippets_distil_lre-4_JSD_lr=6/4/4 scale=1/80 batch= 256_
12/07/2021 20:59:24,150,15.60531,13.97969,0.73079,0.74068,0.59420,_search_snippets_distil_lre-4_JSD_lr=6/4/4 scale=1/80 batch= 256_
12/07/2021 21:01:08,200,17.79549,16.17097,0.74173,0.75024,0.61195,_search_snippets_distil_lre-4_JSD_lr=6/4/4 scale=1/80 batch= 256_
12/07/2021 21:02:52,250,18.99727,17.31411,0.76078,0.75511,0.62066,_search_snippets_distil_lre-4_JSD_lr=6/4/4 scale=1/80 batch= 256_
12/07/2021 21:04:35,300,19.55429,17.86535,0.76175,0.75802,0.62644,_search_snippets_distil_lre-4_JSD_lr=6/4/4 scale=1/80 batch= 256_
12/07/2021 21:06:18,350,19.78740,18.03919,0.76070,0.75389,0.62517,_search_snippets_distil_lre-4_JSD_lr=6/4/4 scale=1/80 batch= 256_
12/07/2021 21:08:02,400,19.25187,17.39882,0.75859,0.75340,0.62795,_search_snippets_distil_lre-4_JSD_lr=6/4/4 scale=1/80 batch= 256_
12/07/2021 21:09:46,450,19.09216,17.21740,0.75754,0.75332,0.62998,_search_snippets_distil_lre-4_JSD_lr=6/4/4 scale=1/80 batch= 256_
12/07/2021 21:11:28,500,18.21097,16.25268,0.75867,0.75065,0.63029,_search_snippets_distil_lre-4_JSD_lr=6/4/4 scale=1/80 batch= 256_
12/07/2021 21:13:10,550,18.04286,16.03161,0.75729,0.74976,0.62885,_search_snippets_distil_lre-4_JSD_lr=6/4/4 scale=1/80 batch= 256_
12/07/2021 21:14:52,600,17.59881,15.45345,0.75616,0.74506,0.62560,_search_snippets_distil_lre-4_JSD_lr=6/4/4 scale=1/80 batch= 256_
12/07/2021 21:16:34,650,17.41963,15.28449,0.77245,0.74028,0.62470,_search_snippets_distil_lre-4_JSD_lr=6/4/4 scale=1/80 batch= 256_
12/07/2021 21:18:17,700,17.07093,14.90988,0.75502,0.73955,0.62547,_search_snippets_distil_lre-4_JSD_lr=6/4/4 scale=1/80 batch= 256_
12/07/2021 21:20:01,750,16.28691,13.93238,0.77455,0.74246,0.62565,_search_snippets_distil_lre-4_JSD_lr=6/4/4 scale=1/80 batch= 256_
12/07/2021 21:21:44,800,15.71455,13.23264,0.75251,0.74352,0.62562,_search_snippets_distil_lre-4_JSD_lr=6/4/4 scale=1/80 batch= 256_
12/07/2021 21:23:26,850,15.64887,13.15577,0.75219,0.74417,0.62524,_search_snippets_distil_lre-4_JSD_lr=6/4/4 scale=1/80 batch= 256_
12/07/2021 21:25:10,900,15.19947,12.59366,0.75284,0.74878,0.62477,_search_snippets_distil_lre-4_JSD_lr=6/4/4 scale=1/80 batch= 256_
12/07/2021 21:26:52,950,14.97142,12.37084,0.77771,0.75835,0.62507,_search_snippets_distil_lre-4_JSD_lr=6/4/4 scale=1/80 batch= 256_
12/07/2021 21:28:34,1000,14.57902,11.77298,0.77909,0.76086,0.62617,_search_snippets_distil_lre-4_JSD_lr=6/4/4 scale=1/80 batch= 256_
12/07/2021 21:30:17,1050,14.65954,11.95895,0.74992,0.76337,0.62449,_search_snippets_distil_lre-4_JSD_lr=6/4/4 scale=1/80 batch= 256_
12/07/2021 21:32:01,1100,14.25074,11.43781,0.74765,0.76702,0.62278,_search_snippets_distil_lre-4_JSD_lr=6/4/4 scale=1/80 batch= 256_
12/07/2021 21:33:43,1150,14.22083,11.40067,0.74611,0.77569,0.62439,_search_snippets_distil_lre-4_JSD_lr=6/4/4 scale=1/80 batch= 256_
12/07/2021 21:35:25,1200,13.92043,10.90322,0.77828,0.77917,0.62496,_search_snippets_distil_lre-4_JSD_lr=6/4/4 scale=1/80 batch= 256_
12/07/2021 21:37:07,1250,13.70352,10.71651,0.74643,0.77593,0.62356,_search_snippets_distil_lre-4_JSD_lr=6/4/4 scale=1/80 batch= 256_
12/07/2021 21:38:50,1300,13.49402,10.50905,0.74360,0.78023,0.62359,_search_snippets_distil_lre-4_JSD_lr=6/4/4 scale=1/80 batch= 256_
12/07/2021 21:40:33,1350,13.29559,10.22686,0.74441,0.78509,0.62438,_search_snippets_distil_lre-4_JSD_lr=6/4/4 scale=1/80 batch= 256_
12/07/2021 21:42:15,1400,12.92541,9.63588,0.74238,0.78833,0.62418,_search_snippets_distil_lre-4_JSD_lr=6/4/4 scale=1/80 batch= 256_
12/07/2021 21:43:58,1450,13.09007,9.89975,0.77261,0.79757,0.62967,_search_snippets_distil_lre-4_JSD_lr=6/4/4 scale=1/80 batch= 256_
12/07/2021 21:45:40,1500,12.76246,9.31272,0.76815,0.80113,0.63000,_search_snippets_distil_lre-4_JSD_lr=6/4/4 scale=1/80 batch= 256_
12/07/2021 21:47:21,1550,12.78933,9.35094,0.74060,0.79838,0.62726,_search_snippets_distil_lre-4_JSD_lr=6/4/4 scale=1/80 batch= 256_
12/07/2021 21:49:04,1600,12.66266,9.29291,0.77131,0.80867,0.63462,_search_snippets_distil_lre-4_JSD_lr=6/4/4 scale=1/80 batch= 256_
12/07/2021 21:50:47,1650,12.52499,8.99710,0.74011,0.81070,0.63703,_search_snippets_distil_lre-4_JSD_lr=6/4/4 scale=1/80 batch= 256_
12/07/2021 21:52:29,1700,12.44472,8.91714,0.77472,0.81167,0.63656,_search_snippets_distil_lre-4_JSD_lr=6/4/4 scale=1/80 batch= 256_
12/07/2021 21:54:11,1750,12.43689,8.87947,0.74295,0.81280,0.63750,_search_snippets_distil_lre-4_JSD_lr=6/4/4 scale=1/80 batch= 256_
12/07/2021 21:55:55,1800,12.29249,8.57629,0.74230,0.81272,0.63657,_search_snippets_distil_lre-4_JSD_lr=6/4/4 scale=1/80 batch= 256_
12/07/2021 21:57:37,1850,11.97988,8.21041,0.74327,0.81410,0.63762,_search_snippets_distil_lre-4_JSD_lr=6/4/4 scale=1/80 batch= 256_
12/07/2021 21:59:19,1900,12.07841,8.29411,0.74246,0.81442,0.63717,_search_snippets_distil_lre-4_JSD_lr=6/4/4 scale=1/80 batch= 256_
12/07/2021 22:01:02,1950,11.87605,8.11248,0.74546,0.81475,0.63789,_search_snippets_distil_lre-4_JSD_lr=6/4/4 scale=1/80 batch= 256_
12/07/2021 22:02:44,2000,12.02227,8.20235,0.74514,0.81280,0.63496,_search_snippets_distil_lre-4_JSD_lr=6/4/4 scale=1/80 batch= 256_
12/07/2021 22:04:26,2050,12.02913,8.06178,0.74506,0.81329,0.63456,_search_snippets_distil_lre-4_JSD_lr=6/4/4 scale=1/80 batch= 256_
12/07/2021 22:06:09,2100,11.80791,7.69110,0.74546,0.80754,0.62722,_search_snippets_distil_lre-4_JSD_lr=6/4/4 scale=1/80 batch= 256_
12/07/2021 22:07:51,2150,11.87851,7.91109,0.74506,0.80729,0.62721,_search_snippets_distil_lre-4_JSD_lr=6/4/4 scale=1/80 batch= 256_
12/07/2021 22:09:33,2200,11.82589,7.74925,0.74854,0.80616,0.62672,_search_snippets_distil_lre-4_JSD_lr=6/4/4 scale=1/80 batch= 256_
12/07/2021 22:11:15,2250,11.92931,7.59758,0.75243,0.80113,0.62209,_search_snippets_distil_lre-4_JSD_lr=6/4/4 scale=1/80 batch= 256_
12/07/2021 22:12:58,2300,11.77100,7.54959,0.75284,0.80008,0.62148,_search_snippets_distil_lre-4_JSD_lr=6/4/4 scale=1/80 batch= 256_
12/07/2021 22:14:41,2350,11.43824,7.21467,0.75324,0.79595,0.61883,_search_snippets_distil_lre-4_JSD_lr=6/4/4 scale=1/80 batch= 256_
12/07/2021 22:16:22,2400,11.72058,7.33754,0.75551,0.78622,0.61240,_search_snippets_distil_lre-4_JSD_lr=6/4/4 scale=1/80 batch= 256_
12/07/2021 22:18:04,2450,11.60851,7.30270,0.74903,0.77034,0.59865,_search_snippets_distil_lre-4_JSD_lr=6/4/4 scale=1/80 batch= 256_
12/07/2021 22:19:48,2500,11.48703,6.95885,0.75024,0.74797,0.58483,_search_snippets_distil_lre-4_JSD_lr=6/4/4 scale=1/80 batch= 256_
12/07/2021 22:21:30,2550,11.35022,7.08181,0.75024,0.72950,0.56905,_search_snippets_distil_lre-4_JSD_lr=6/4/4 scale=1/80 batch= 256_
12/07/2021 22:23:12,2600,11.34859,6.95476,0.75097,0.69068,0.54554,_search_snippets_distil_lre-4_JSD_lr=6/4/4 scale=1/80 batch= 256_
12/07/2021 22:24:55,2650,11.53984,7.18091,0.75105,0.64959,0.51503,_search_snippets_distil_lre-4_JSD_lr=6/4/4 scale=1/80 batch= 256_
12/07/2021 22:26:38,2700,11.36078,6.93933,0.75154,0.60737,0.49535,_search_snippets_distil_lre-4_JSD_lr=6/4/4 scale=1/80 batch= 256_
12/07/2021 22:28:20,2750,11.15937,6.57355,0.74895,0.58784,0.48697,_search_snippets_distil_lre-4_JSD_lr=6/4/4 scale=1/80 batch= 256_
12/07/2021 22:30:02,2800,11.20854,6.70417,0.74652,0.56807,0.47514,_search_snippets_distil_lre-4_JSD_lr=6/4/4 scale=1/80 batch= 256_
12/07/2021 22:35:25,0,1.11096,0.01643,0.72877,0.73266,0.59237,_search_snippets_distil_lre-4_JSD_lr=6/4/4 scale=1/100 batch= 300_
12/07/2021 22:37:25,50,5.80915,4.44256,0.73817,0.73639,0.59733,_search_snippets_distil_lre-4_JSD_lr=6/4/4 scale=1/100 batch= 300_
12/07/2021 22:39:22,100,14.38357,12.78534,0.73306,0.73549,0.58547,_search_snippets_distil_lre-4_JSD_lr=6/4/4 scale=1/100 batch= 300_
12/07/2021 22:41:19,150,19.10373,17.46056,0.73047,0.74076,0.59478,_search_snippets_distil_lre-4_JSD_lr=6/4/4 scale=1/100 batch= 300_
12/07/2021 22:43:17,200,21.95894,20.28811,0.74084,0.75097,0.61267,_search_snippets_distil_lre-4_JSD_lr=6/4/4 scale=1/100 batch= 300_
12/07/2021 22:45:14,250,24.14501,22.44534,0.75600,0.75357,0.61889,_search_snippets_distil_lre-4_JSD_lr=6/4/4 scale=1/100 batch= 300_
12/07/2021 22:47:11,300,23.85307,22.11236,0.75867,0.75924,0.62767,_search_snippets_distil_lre-4_JSD_lr=6/4/4 scale=1/100 batch= 300_
12/07/2021 22:49:08,350,23.92152,22.09126,0.75713,0.75502,0.62587,_search_snippets_distil_lre-4_JSD_lr=6/4/4 scale=1/100 batch= 300_
12/07/2021 22:51:05,400,23.77955,21.89419,0.75575,0.75348,0.62604,_search_snippets_distil_lre-4_JSD_lr=6/4/4 scale=1/100 batch= 300_
12/07/2021 22:53:01,450,23.61438,21.73105,0.75648,0.75348,0.62930,_search_snippets_distil_lre-4_JSD_lr=6/4/4 scale=1/100 batch= 300_
12/07/2021 22:54:58,500,22.61217,20.54454,0.75705,0.75365,0.63081,_search_snippets_distil_lre-4_JSD_lr=6/4/4 scale=1/100 batch= 300_
12/07/2021 22:56:53,550,22.23159,20.18399,0.75681,0.75348,0.63342,_search_snippets_distil_lre-4_JSD_lr=6/4/4 scale=1/100 batch= 300_
12/07/2021 22:58:50,600,21.57977,19.44383,0.75624,0.75041,0.63178,_search_snippets_distil_lre-4_JSD_lr=6/4/4 scale=1/100 batch= 300_
12/07/2021 23:00:46,650,20.58370,18.29369,0.75575,0.74708,0.63230,_search_snippets_distil_lre-4_JSD_lr=6/4/4 scale=1/100 batch= 300_
12/07/2021 23:02:43,700,20.36507,18.06017,0.75462,0.74157,0.62885,_search_snippets_distil_lre-4_JSD_lr=6/4/4 scale=1/100 batch= 300_
12/07/2021 23:04:40,750,20.06670,17.70095,0.75194,0.74400,0.62811,_search_snippets_distil_lre-4_JSD_lr=6/4/4 scale=1/100 batch= 300_
12/07/2021 23:06:35,800,19.39160,16.88704,0.75170,0.74992,0.62984,_search_snippets_distil_lre-4_JSD_lr=6/4/4 scale=1/100 batch= 300_
12/07/2021 23:08:32,850,19.09208,16.55646,0.75057,0.75243,0.62824,_search_snippets_distil_lre-4_JSD_lr=6/4/4 scale=1/100 batch= 300_
12/07/2021 23:10:29,900,18.36598,15.69784,0.74846,0.75851,0.62988,_search_snippets_distil_lre-4_JSD_lr=6/4/4 scale=1/100 batch= 300_
12/07/2021 23:12:25,950,17.91174,15.21748,0.74838,0.76280,0.62908,_search_snippets_distil_lre-4_JSD_lr=6/4/4 scale=1/100 batch= 300_
12/07/2021 23:14:22,1000,17.94385,15.25335,0.75267,0.76507,0.62758,_search_snippets_distil_lre-4_JSD_lr=6/4/4 scale=1/100 batch= 300_
12/07/2021 23:16:18,1050,17.08419,14.16972,0.75324,0.76872,0.62634,_search_snippets_distil_lre-4_JSD_lr=6/4/4 scale=1/100 batch= 300_
12/07/2021 23:18:15,1100,17.26925,14.48085,0.74554,0.76929,0.62579,_search_snippets_distil_lre-4_JSD_lr=6/4/4 scale=1/100 batch= 300_
12/07/2021 23:20:11,1150,16.70405,13.59677,0.74522,0.77374,0.62806,_search_snippets_distil_lre-4_JSD_lr=6/4/4 scale=1/100 batch= 300_
12/07/2021 23:22:08,1200,16.58356,13.59636,0.74522,0.77836,0.62942,_search_snippets_distil_lre-4_JSD_lr=6/4/4 scale=1/100 batch= 300_
12/07/2021 23:24:03,1250,16.30337,13.13372,0.74384,0.77942,0.63060,_search_snippets_distil_lre-4_JSD_lr=6/4/4 scale=1/100 batch= 300_
12/07/2021 23:26:00,1300,15.92985,12.73193,0.74538,0.78493,0.63175,_search_snippets_distil_lre-4_JSD_lr=6/4/4 scale=1/100 batch= 300_
12/07/2021 23:27:55,1350,16.00862,12.81723,0.74668,0.78647,0.63100,_search_snippets_distil_lre-4_JSD_lr=6/4/4 scale=1/100 batch= 300_
12/07/2021 23:29:51,1400,15.56222,12.27073,0.74789,0.78760,0.62933,_search_snippets_distil_lre-4_JSD_lr=6/4/4 scale=1/100 batch= 300_
12/07/2021 23:31:48,1450,15.40209,11.90024,0.74765,0.79854,0.63157,_search_snippets_distil_lre-4_JSD_lr=6/4/4 scale=1/100 batch= 300_
12/07/2021 23:33:44,1500,15.11493,11.49466,0.74489,0.79976,0.63143,_search_snippets_distil_lre-4_JSD_lr=6/4/4 scale=1/100 batch= 300_
12/07/2021 23:35:40,1550,15.05414,11.58590,0.74765,0.80697,0.63472,_search_snippets_distil_lre-4_JSD_lr=6/4/4 scale=1/100 batch= 300_
12/07/2021 23:37:35,1600,14.93410,11.25653,0.74814,0.80721,0.63447,_search_snippets_distil_lre-4_JSD_lr=6/4/4 scale=1/100 batch= 300_
12/07/2021 23:39:31,1650,14.69963,11.07923,0.74652,0.81305,0.63855,_search_snippets_distil_lre-4_JSD_lr=6/4/4 scale=1/100 batch= 300_
12/07/2021 23:41:27,1700,14.68806,11.00755,0.74716,0.81467,0.63927,_search_snippets_distil_lre-4_JSD_lr=6/4/4 scale=1/100 batch= 300_
12/07/2021 23:43:23,1750,14.37852,10.66141,0.74538,0.81572,0.64016,_search_snippets_distil_lre-4_JSD_lr=6/4/4 scale=1/100 batch= 300_
12/07/2021 23:45:19,1800,14.44471,10.29433,0.74530,0.81637,0.63980,_search_snippets_distil_lre-4_JSD_lr=6/4/4 scale=1/100 batch= 300_
12/07/2021 23:47:14,1850,14.48567,10.52507,0.74417,0.81596,0.63936,_search_snippets_distil_lre-4_JSD_lr=6/4/4 scale=1/100 batch= 300_
12/07/2021 23:49:10,1900,14.08733,10.17428,0.74684,0.81750,0.64121,_search_snippets_distil_lre-4_JSD_lr=6/4/4 scale=1/100 batch= 300_
12/07/2021 23:51:05,1950,14.13827,10.09370,0.74878,0.81937,0.64408,_search_snippets_distil_lre-4_JSD_lr=6/4/4 scale=1/100 batch= 300_
12/07/2021 23:53:01,2000,13.91911,9.86750,0.74797,0.81686,0.64166,_search_snippets_distil_lre-4_JSD_lr=6/4/4 scale=1/100 batch= 300_
12/07/2021 23:54:57,2050,13.69520,9.47590,0.74919,0.81856,0.64290,_search_snippets_distil_lre-4_JSD_lr=6/4/4 scale=1/100 batch= 300_
12/07/2021 23:56:52,2100,13.85132,9.58514,0.74968,0.81815,0.64233,_search_snippets_distil_lre-4_JSD_lr=6/4/4 scale=1/100 batch= 300_
12/07/2021 23:58:48,2150,13.74033,9.50079,0.74789,0.81613,0.63950,_search_snippets_distil_lre-4_JSD_lr=6/4/4 scale=1/100 batch= 300_
13/07/2021 00:06:55,0,1.11425,0.01972,0.72877,0.73266,0.59237,_search_snippets_distil_lre-4_JSD_lr=6/4/4 scale=1/120 batch= 300_
13/07/2021 00:08:52,50,7.14404,5.70619,0.73865,0.73720,0.59700,_search_snippets_distil_lre-4_JSD_lr=6/4/4 scale=1/120 batch= 300_
13/07/2021 00:10:49,100,17.11854,15.49447,0.73160,0.73525,0.58517,_search_snippets_distil_lre-4_JSD_lr=6/4/4 scale=1/120 batch= 300_
13/07/2021 00:12:44,150,22.65850,20.99430,0.73006,0.74044,0.59527,_search_snippets_distil_lre-4_JSD_lr=6/4/4 scale=1/120 batch= 300_
13/07/2021 00:14:39,200,26.11300,24.41843,0.73833,0.74919,0.61129,_search_snippets_distil_lre-4_JSD_lr=6/4/4 scale=1/120 batch= 300_
13/07/2021 00:16:34,250,28.77452,27.05060,0.75494,0.75227,0.61763,_search_snippets_distil_lre-4_JSD_lr=6/4/4 scale=1/120 batch= 300_
13/07/2021 00:18:29,300,28.22459,26.46171,0.75673,0.75713,0.62555,_search_snippets_distil_lre-4_JSD_lr=6/4/4 scale=1/120 batch= 300_
13/07/2021 00:20:23,350,28.47825,26.62182,0.75583,0.75405,0.62527,_search_snippets_distil_lre-4_JSD_lr=6/4/4 scale=1/120 batch= 300_
13/07/2021 00:22:18,400,28.17716,26.27043,0.75389,0.75292,0.62515,_search_snippets_distil_lre-4_JSD_lr=6/4/4 scale=1/120 batch= 300_
13/07/2021 00:24:11,450,27.98977,26.07992,0.75211,0.75105,0.62691,_search_snippets_distil_lre-4_JSD_lr=6/4/4 scale=1/120 batch= 300_
13/07/2021 00:26:05,500,26.83477,24.74399,0.75211,0.74976,0.62758,_search_snippets_distil_lre-4_JSD_lr=6/4/4 scale=1/120 batch= 300_
13/07/2021 00:27:59,550,26.32180,24.24223,0.75203,0.74984,0.62911,_search_snippets_distil_lre-4_JSD_lr=6/4/4 scale=1/120 batch= 300_
13/07/2021 00:29:53,600,25.51301,23.34148,0.75049,0.74506,0.62667,_search_snippets_distil_lre-4_JSD_lr=6/4/4 scale=1/120 batch= 300_
13/07/2021 00:31:47,650,24.27530,21.95090,0.74992,0.74335,0.62623,_search_snippets_distil_lre-4_JSD_lr=6/4/4 scale=1/120 batch= 300_
13/07/2021 00:33:41,700,23.99468,21.64193,0.74789,0.73452,0.62151,_search_snippets_distil_lre-4_JSD_lr=6/4/4 scale=1/120 batch= 300_
13/07/2021 00:35:36,750,23.58948,21.16638,0.74417,0.73549,0.62107,_search_snippets_distil_lre-4_JSD_lr=6/4/4 scale=1/120 batch= 300_
13/07/2021 00:37:29,800,22.87868,20.33413,0.74441,0.74287,0.62282,_search_snippets_distil_lre-4_JSD_lr=6/4/4 scale=1/120 batch= 300_
13/07/2021 00:39:24,850,22.46868,19.89751,0.74319,0.74765,0.62184,_search_snippets_distil_lre-4_JSD_lr=6/4/4 scale=1/120 batch= 300_
13/07/2021 00:41:18,900,21.37063,18.63439,0.74157,0.74943,0.61992,_search_snippets_distil_lre-4_JSD_lr=6/4/4 scale=1/120 batch= 300_
13/07/2021 00:43:11,950,20.95846,18.21486,0.74092,0.75624,0.62126,_search_snippets_distil_lre-4_JSD_lr=6/4/4 scale=1/120 batch= 300_
13/07/2021 00:45:06,1000,20.96064,18.22540,0.74060,0.75835,0.62179,_search_snippets_distil_lre-4_JSD_lr=6/4/4 scale=1/120 batch= 300_
13/07/2021 00:46:59,1050,19.93860,16.96729,0.74028,0.75948,0.62025,_search_snippets_distil_lre-4_JSD_lr=6/4/4 scale=1/120 batch= 300_
13/07/2021 00:48:54,1100,20.19088,17.34722,0.73695,0.76110,0.61968,_search_snippets_distil_lre-4_JSD_lr=6/4/4 scale=1/120 batch= 300_
13/07/2021 00:50:46,1150,19.59554,16.42365,0.73687,0.76840,0.62048,_search_snippets_distil_lre-4_JSD_lr=6/4/4 scale=1/120 batch= 300_
13/07/2021 00:52:41,1200,19.25847,16.19004,0.73736,0.77042,0.62153,_search_snippets_distil_lre-4_JSD_lr=6/4/4 scale=1/120 batch= 300_
13/07/2021 00:54:34,1250,18.98483,15.74729,0.73598,0.77229,0.62120,_search_snippets_distil_lre-4_JSD_lr=6/4/4 scale=1/120 batch= 300_
13/07/2021 00:56:29,1300,18.49783,15.22657,0.73590,0.77512,0.62238,_search_snippets_distil_lre-4_JSD_lr=6/4/4 scale=1/120 batch= 300_
13/07/2021 00:58:22,1350,18.40312,15.12481,0.73404,0.77853,0.62283,_search_snippets_distil_lre-4_JSD_lr=6/4/4 scale=1/120 batch= 300_
13/07/2021 01:00:16,1400,17.93299,14.57214,0.73590,0.78363,0.62492,_search_snippets_distil_lre-4_JSD_lr=6/4/4 scale=1/120 batch= 300_
13/07/2021 01:02:11,1450,17.61891,14.00069,0.73323,0.78987,0.62422,_search_snippets_distil_lre-4_JSD_lr=6/4/4 scale=1/120 batch= 300_
13/07/2021 01:04:05,1500,17.81247,14.12981,0.73290,0.78801,0.61959,_search_snippets_distil_lre-4_JSD_lr=6/4/4 scale=1/120 batch= 300_
13/07/2021 01:05:59,1550,17.38275,13.81299,0.73395,0.79481,0.62477,_search_snippets_distil_lre-4_JSD_lr=6/4/4 scale=1/120 batch= 300_
13/07/2021 01:07:52,1600,17.32175,13.54454,0.73436,0.80049,0.62722,_search_snippets_distil_lre-4_JSD_lr=6/4/4 scale=1/120 batch= 300_
13/07/2021 01:09:46,1650,17.49461,13.81830,0.73622,0.79854,0.62110,_search_snippets_distil_lre-4_JSD_lr=6/4/4 scale=1/120 batch= 300_
13/07/2021 01:11:40,1700,16.99427,13.24377,0.73306,0.80348,0.62404,_search_snippets_distil_lre-4_JSD_lr=6/4/4 scale=1/120 batch= 300_
13/07/2021 01:13:34,1750,17.15561,13.32805,0.72423,0.79457,0.60720,_search_snippets_distil_lre-4_JSD_lr=6/4/4 scale=1/120 batch= 300_
13/07/2021 01:15:28,1800,16.40118,12.29107,0.72561,0.79757,0.61161,_search_snippets_distil_lre-4_JSD_lr=6/4/4 scale=1/120 batch= 300_
13/07/2021 01:17:21,1850,16.70930,12.58940,0.71734,0.78898,0.60083,_search_snippets_distil_lre-4_JSD_lr=6/4/4 scale=1/120 batch= 300_
13/07/2021 01:19:15,1900,16.48027,12.48015,0.71629,0.78582,0.59516,_search_snippets_distil_lre-4_JSD_lr=6/4/4 scale=1/120 batch= 300_
13/07/2021 01:21:08,1950,16.28361,12.16346,0.71750,0.77942,0.58579,_search_snippets_distil_lre-4_JSD_lr=6/4/4 scale=1/120 batch= 300_
13/07/2021 01:23:03,2000,16.07475,11.93375,0.71985,0.78468,0.59129,_search_snippets_distil_lre-4_JSD_lr=6/4/4 scale=1/120 batch= 300_
13/07/2021 01:24:58,2050,15.85838,11.56230,0.73112,0.79254,0.60278,_search_snippets_distil_lre-4_JSD_lr=6/4/4 scale=1/120 batch= 300_
13/07/2021 01:26:51,2100,15.75819,11.42018,0.71937,0.79019,0.59930,_search_snippets_distil_lre-4_JSD_lr=6/4/4 scale=1/120 batch= 300_
13/07/2021 01:28:44,2150,16.03643,11.68910,0.71272,0.77950,0.58383,_search_snippets_distil_lre-4_JSD_lr=6/4/4 scale=1/120 batch= 300_
13/07/2021 01:30:38,2200,15.39207,10.93036,0.72269,0.78865,0.59742,_search_snippets_distil_lre-4_JSD_lr=6/4/4 scale=1/120 batch= 300_
13/07/2021 01:32:31,2250,15.68923,11.10723,0.72091,0.78630,0.59374,_search_snippets_distil_lre-4_JSD_lr=6/4/4 scale=1/120 batch= 300_
13/07/2021 01:34:25,2300,15.44940,10.83051,0.72123,0.78679,0.59399,_search_snippets_distil_lre-4_JSD_lr=6/4/4 scale=1/120 batch= 300_
13/07/2021 01:36:19,2350,15.97258,11.39077,0.71734,0.78590,0.59288,_search_snippets_distil_lre-4_JSD_lr=6/4/4 scale=1/120 batch= 300_
13/07/2021 01:38:12,2400,15.61897,10.91037,0.71467,0.77950,0.58438,_search_snippets_distil_lre-4_JSD_lr=6/4/4 scale=1/120 batch= 300_
13/07/2021 01:40:05,2450,15.41857,10.62177,0.70567,0.76961,0.57321,_search_snippets_distil_lre-4_JSD_lr=6/4/4 scale=1/120 batch= 300_
13/07/2021 01:41:59,2500,14.99273,10.09587,0.72771,0.79011,0.60000,_search_snippets_distil_lre-4_JSD_lr=6/4/4 scale=1/120 batch= 300_
13/07/2021 01:43:52,2550,15.14743,10.26095,0.71750,0.78169,0.58879,_search_snippets_distil_lre-4_JSD_lr=6/4/4 scale=1/120 batch= 300_
13/07/2021 02:02:20,0,1.11465,0.01622,0.72925,0.73274,0.59244,_search_snippets_distil_lre-4_JSD_lr=6/4/4 scale=1/100 batch= 256_
13/07/2021 02:04:07,50,5.74436,4.38261,0.73914,0.73517,0.59579,_search_snippets_distil_lre-4_JSD_lr=6/4/4 scale=1/100 batch= 256_
13/07/2021 02:05:51,100,14.82721,13.22826,0.73290,0.73314,0.58279,_search_snippets_distil_lre-4_JSD_lr=6/4/4 scale=1/100 batch= 256_
13/07/2021 02:07:35,150,19.19760,17.54023,0.73160,0.74133,0.59495,_search_snippets_distil_lre-4_JSD_lr=6/4/4 scale=1/100 batch= 256_
13/07/2021 02:09:20,200,21.87173,20.21591,0.74222,0.75049,0.61245,_search_snippets_distil_lre-4_JSD_lr=6/4/4 scale=1/100 batch= 256_
13/07/2021 02:11:04,250,23.36337,21.64914,0.76021,0.75592,0.62176,_search_snippets_distil_lre-4_JSD_lr=6/4/4 scale=1/100 batch= 256_
13/07/2021 02:12:48,300,24.06188,22.34072,0.76191,0.75818,0.62689,_search_snippets_distil_lre-4_JSD_lr=6/4/4 scale=1/100 batch= 256_
13/07/2021 02:14:32,350,24.34534,22.56288,0.76078,0.75405,0.62565,_search_snippets_distil_lre-4_JSD_lr=6/4/4 scale=1/100 batch= 256_
13/07/2021 02:16:17,400,23.63409,21.74334,0.75867,0.75365,0.62837,_search_snippets_distil_lre-4_JSD_lr=6/4/4 scale=1/100 batch= 256_
13/07/2021 02:18:00,450,23.44236,21.52685,0.75778,0.75267,0.63012,_search_snippets_distil_lre-4_JSD_lr=6/4/4 scale=1/100 batch= 256_
13/07/2021 02:19:43,500,22.30579,20.30569,0.77601,0.75097,0.63103,_search_snippets_distil_lre-4_JSD_lr=6/4/4 scale=1/100 batch= 256_
13/07/2021 02:21:26,550,22.08212,20.02853,0.75859,0.74935,0.62955,_search_snippets_distil_lre-4_JSD_lr=6/4/4 scale=1/100 batch= 256_
13/07/2021 02:23:10,600,21.49883,19.30575,0.75656,0.74498,0.62640,_search_snippets_distil_lre-4_JSD_lr=6/4/4 scale=1/100 batch= 256_
13/07/2021 02:24:52,650,21.24796,19.06207,0.77229,0.73825,0.62470,_search_snippets_distil_lre-4_JSD_lr=6/4/4 scale=1/100 batch= 256_
13/07/2021 02:26:37,700,20.85866,18.65741,0.77334,0.73655,0.62490,_search_snippets_distil_lre-4_JSD_lr=6/4/4 scale=1/100 batch= 256_
13/07/2021 02:28:20,750,19.83169,17.42744,0.75292,0.74287,0.62603,_search_snippets_distil_lre-4_JSD_lr=6/4/4 scale=1/100 batch= 256_
13/07/2021 02:30:04,800,19.04929,16.51347,0.75259,0.74376,0.62553,_search_snippets_distil_lre-4_JSD_lr=6/4/4 scale=1/100 batch= 256_
13/07/2021 02:31:46,850,18.99665,16.45125,0.75251,0.74611,0.62547,_search_snippets_distil_lre-4_JSD_lr=6/4/4 scale=1/100 batch= 256_
13/07/2021 02:33:30,900,18.41584,15.75192,0.75154,0.74919,0.62310,_search_snippets_distil_lre-4_JSD_lr=6/4/4 scale=1/100 batch= 256_
13/07/2021 02:35:12,950,18.08349,15.42467,0.77577,0.75908,0.62479,_search_snippets_distil_lre-4_JSD_lr=6/4/4 scale=1/100 batch= 256_
13/07/2021 02:36:55,1000,17.49047,14.60593,0.77447,0.75802,0.62467,_search_snippets_distil_lre-4_JSD_lr=6/4/4 scale=1/100 batch= 256_
13/07/2021 02:38:36,1050,17.72190,14.95691,0.77350,0.75981,0.62218,_search_snippets_distil_lre-4_JSD_lr=6/4/4 scale=1/100 batch= 256_
13/07/2021 02:40:20,1100,17.08013,14.18160,0.74716,0.76483,0.62245,_search_snippets_distil_lre-4_JSD_lr=6/4/4 scale=1/100 batch= 256_
13/07/2021 02:42:04,1150,16.96061,14.04671,0.77431,0.77237,0.62421,_search_snippets_distil_lre-4_JSD_lr=6/4/4 scale=1/100 batch= 256_
13/07/2021 02:43:46,1200,16.56880,13.43584,0.77318,0.77561,0.62507,_search_snippets_distil_lre-4_JSD_lr=6/4/4 scale=1/100 batch= 256_
13/07/2021 02:45:29,1250,16.37982,13.29320,0.77204,0.77909,0.62437,_search_snippets_distil_lre-4_JSD_lr=6/4/4 scale=1/100 batch= 256_
13/07/2021 02:47:12,1300,16.24919,13.19749,0.74481,0.78298,0.62564,_search_snippets_distil_lre-4_JSD_lr=6/4/4 scale=1/100 batch= 256_
13/07/2021 02:48:55,1350,15.76082,12.56567,0.74546,0.78647,0.62596,_search_snippets_distil_lre-4_JSD_lr=6/4/4 scale=1/100 batch= 256_
13/07/2021 02:50:38,1400,15.50815,12.10602,0.76507,0.78955,0.62754,_search_snippets_distil_lre-4_JSD_lr=6/4/4 scale=1/100 batch= 256_
13/07/2021 02:52:21,1450,15.53632,12.23914,0.74417,0.79400,0.62998,_search_snippets_distil_lre-4_JSD_lr=6/4/4 scale=1/100 batch= 256_
13/07/2021 02:54:03,1500,15.16608,11.60981,0.74441,0.80130,0.63191,_search_snippets_distil_lre-4_JSD_lr=6/4/4 scale=1/100 batch= 256_
13/07/2021 02:55:45,1550,15.14093,11.56891,0.76264,0.79968,0.63004,_search_snippets_distil_lre-4_JSD_lr=6/4/4 scale=1/100 batch= 256_
13/07/2021 02:57:28,1600,14.96894,11.47979,0.76224,0.80786,0.63557,_search_snippets_distil_lre-4_JSD_lr=6/4/4 scale=1/100 batch= 256_
13/07/2021 02:59:11,1650,14.83214,11.17813,0.76305,0.80705,0.63441,_search_snippets_distil_lre-4_JSD_lr=6/4/4 scale=1/100 batch= 256_
13/07/2021 03:00:54,1700,14.88378,11.21791,0.76524,0.81078,0.63757,_search_snippets_distil_lre-4_JSD_lr=6/4/4 scale=1/100 batch= 256_
13/07/2021 03:02:38,1750,14.67658,10.97552,0.74190,0.81102,0.63784,_search_snippets_distil_lre-4_JSD_lr=6/4/4 scale=1/100 batch= 256_
13/07/2021 03:04:22,1800,14.37195,10.51805,0.74149,0.81086,0.63644,_search_snippets_distil_lre-4_JSD_lr=6/4/4 scale=1/100 batch= 256_
13/07/2021 03:06:05,1850,14.00555,10.07180,0.76726,0.81256,0.63693,_search_snippets_distil_lre-4_JSD_lr=6/4/4 scale=1/100 batch= 256_
13/07/2021 03:07:48,1900,13.95490,9.97832,0.74546,0.81370,0.63929,_search_snippets_distil_lre-4_JSD_lr=6/4/4 scale=1/100 batch= 256_
13/07/2021 03:09:31,1950,14.13932,10.19132,0.74806,0.81216,0.63830,_search_snippets_distil_lre-4_JSD_lr=6/4/4 scale=1/100 batch= 256_
13/07/2021 03:11:14,2000,14.14917,10.19239,0.74603,0.81378,0.63877,_search_snippets_distil_lre-4_JSD_lr=6/4/4 scale=1/100 batch= 256_
13/07/2021 03:12:58,2050,14.16479,9.99412,0.74546,0.81224,0.63795,_search_snippets_distil_lre-4_JSD_lr=6/4/4 scale=1/100 batch= 256_
13/07/2021 03:14:41,2100,13.73599,9.32478,0.74635,0.81515,0.63928,_search_snippets_distil_lre-4_JSD_lr=6/4/4 scale=1/100 batch= 256_
13/07/2021 03:16:23,2150,13.76817,9.56375,0.74360,0.81175,0.63477,_search_snippets_distil_lre-4_JSD_lr=6/4/4 scale=1/100 batch= 256_
13/07/2021 03:18:06,2200,13.99722,9.72868,0.74060,0.80843,0.62727,_search_snippets_distil_lre-4_JSD_lr=6/4/4 scale=1/100 batch= 256_
13/07/2021 03:19:50,2250,13.86752,9.30226,0.74392,0.80559,0.62236,_search_snippets_distil_lre-4_JSD_lr=6/4/4 scale=1/100 batch= 256_
13/07/2021 03:21:33,2300,13.70230,9.27757,0.74692,0.80981,0.62875,_search_snippets_distil_lre-4_JSD_lr=6/4/4 scale=1/100 batch= 256_
13/07/2021 03:23:16,2350,13.46974,9.03233,0.74433,0.80421,0.62044,_search_snippets_distil_lre-4_JSD_lr=6/4/4 scale=1/100 batch= 256_
13/07/2021 03:24:57,2400,13.31168,8.69711,0.74149,0.80267,0.61980,_search_snippets_distil_lre-4_JSD_lr=6/4/4 scale=1/100 batch= 256_
13/07/2021 03:26:40,2450,13.62453,9.09019,0.74076,0.80008,0.61639,_search_snippets_distil_lre-4_JSD_lr=6/4/4 scale=1/100 batch= 256_
13/07/2021 03:28:23,2500,13.42343,8.78221,0.74781,0.79595,0.61516,_search_snippets_distil_lre-4_JSD_lr=6/4/4 scale=1/100 batch= 256_
13/07/2021 03:30:06,2550,13.37546,8.78566,0.74749,0.78938,0.60865,_search_snippets_distil_lre-4_JSD_lr=6/4/4 scale=1/100 batch= 256_
13/07/2021 03:31:49,2600,13.12776,8.44543,0.73452,0.77577,0.59049,_search_snippets_distil_lre-4_JSD_lr=6/4/4 scale=1/100 batch= 256_
13/07/2021 03:33:33,2650,13.38613,8.68277,0.74522,0.77147,0.58982,_search_snippets_distil_lre-4_JSD_lr=6/4/4 scale=1/100 batch= 256_
13/07/2021 03:35:16,2700,13.09423,8.32719,0.73955,0.74773,0.56968,_search_snippets_distil_lre-4_JSD_lr=6/4/4 scale=1/100 batch= 256_
13/07/2021 03:36:59,2750,13.07845,8.22689,0.73485,0.72707,0.54978,_search_snippets_distil_lre-4_JSD_lr=6/4/4 scale=1/100 batch= 256_
13/07/2021 03:38:42,2800,12.92296,8.08508,0.72934,0.70575,0.52902,_search_snippets_distil_lre-4_JSD_lr=6/4/4 scale=1/100 batch= 256_
13/07/2021 03:40:24,2850,13.13465,8.18599,0.73728,0.68712,0.52128,_search_snippets_distil_lre-4_JSD_lr=6/4/4 scale=1/100 batch= 256_
13/07/2021 03:42:07,2900,13.11124,8.02278,0.73768,0.63987,0.48690,_search_snippets_distil_lre-4_JSD_lr=6/4/4 scale=1/100 batch= 256_
13/07/2021 03:43:49,2950,13.35687,8.26273,0.73720,0.60729,0.46511,_search_snippets_distil_lre-4_JSD_lr=6/4/4 scale=1/100 batch= 256_
13/07/2021 03:45:32,3000,13.46467,8.47624,0.74692,0.58874,0.46270,_search_snippets_distil_lre-4_JSD_lr=6/4/4 scale=1/100 batch= 256_
13/07/2021 09:23:24,0,1.11789,0.01947,0.72909,0.73274,0.59244,_search_snippets_distil_lre-4_JSD_lr=6/4/4 scale=1/100 batch= 256_
13/07/2021 09:25:10,50,7.06288,5.63008,0.73833,0.73590,0.59537,_search_snippets_distil_lre-4_JSD_lr=6/4/4 scale=1/100 batch= 256_
13/07/2021 09:26:54,100,17.67611,16.04880,0.72496,0.73258,0.58188,_search_snippets_distil_lre-4_JSD_lr=6/4/4 scale=1/100 batch= 256_
13/07/2021 09:28:39,150,22.77198,21.09073,0.73225,0.74092,0.59472,_search_snippets_distil_lre-4_JSD_lr=6/4/4 scale=1/100 batch= 256_
13/07/2021 09:30:23,200,25.93444,24.25648,0.74230,0.75073,0.61244,_search_snippets_distil_lre-4_JSD_lr=6/4/4 scale=1/100 batch= 256_
13/07/2021 09:32:09,250,27.71469,25.97832,0.76013,0.75575,0.62158,_search_snippets_distil_lre-4_JSD_lr=6/4/4 scale=1/100 batch= 256_
13/07/2021 09:33:54,300,28.56014,26.81549,0.76216,0.75827,0.62703,_search_snippets_distil_lre-4_JSD_lr=6/4/4 scale=1/100 batch= 256_
13/07/2021 09:35:37,350,28.88289,27.07656,0.76029,0.75454,0.62668,_search_snippets_distil_lre-4_JSD_lr=6/4/4 scale=1/100 batch= 256_
13/07/2021 09:37:23,400,28.01095,26.09397,0.75875,0.75340,0.62805,_search_snippets_distil_lre-4_JSD_lr=6/4/4 scale=1/100 batch= 256_
13/07/2021 09:39:07,450,27.77275,25.82844,0.75948,0.75300,0.63094,_search_snippets_distil_lre-4_JSD_lr=6/4/4 scale=1/100 batch= 256_
13/07/2021 09:40:51,500,26.39900,24.36927,0.77512,0.75089,0.63147,_search_snippets_distil_lre-4_JSD_lr=6/4/4 scale=1/100 batch= 256_
13/07/2021 09:42:33,550,26.11191,24.02735,0.75883,0.74984,0.63034,_search_snippets_distil_lre-4_JSD_lr=6/4/4 scale=1/100 batch= 256_
13/07/2021 09:44:17,600,25.40072,23.17373,0.75721,0.74457,0.62606,_search_snippets_distil_lre-4_JSD_lr=6/4/4 scale=1/100 batch= 256_
13/07/2021 09:45:59,650,25.11649,22.89486,0.77180,0.73938,0.62486,_search_snippets_distil_lre-4_JSD_lr=6/4/4 scale=1/100 batch= 256_
13/07/2021 09:47:43,700,24.59628,22.35214,0.77407,0.73784,0.62488,_search_snippets_distil_lre-4_JSD_lr=6/4/4 scale=1/100 batch= 256_
13/07/2021 09:49:27,750,23.33958,20.88889,0.77464,0.74125,0.62497,_search_snippets_distil_lre-4_JSD_lr=6/4/4 scale=1/100 batch= 256_
13/07/2021 09:51:11,800,22.39951,19.81521,0.75365,0.74489,0.62623,_search_snippets_distil_lre-4_JSD_lr=6/4/4 scale=1/100 batch= 256_
13/07/2021 09:52:53,850,22.33133,19.73391,0.75170,0.74303,0.62281,_search_snippets_distil_lre-4_JSD_lr=6/4/4 scale=1/100 batch= 256_
13/07/2021 09:54:37,900,21.48095,18.76003,0.77569,0.74789,0.62401,_search_snippets_distil_lre-4_JSD_lr=6/4/4 scale=1/100 batch= 256_
13/07/2021 09:56:20,950,21.17430,18.45702,0.74935,0.75632,0.62314,_search_snippets_distil_lre-4_JSD_lr=6/4/4 scale=1/100 batch= 256_
13/07/2021 09:58:03,1000,20.33834,17.37559,0.75089,0.75640,0.62357,_search_snippets_distil_lre-4_JSD_lr=6/4/4 scale=1/100 batch= 256_
13/07/2021 09:59:46,1050,20.59434,17.75011,0.74911,0.76418,0.62493,_search_snippets_distil_lre-4_JSD_lr=6/4/4 scale=1/100 batch= 256_
13/07/2021 10:01:29,1100,20.07656,17.12025,0.74660,0.76515,0.62244,_search_snippets_distil_lre-4_JSD_lr=6/4/4 scale=1/100 batch= 256_
13/07/2021 10:03:13,1150,19.85148,16.89477,0.74716,0.77042,0.62313,_search_snippets_distil_lre-4_JSD_lr=6/4/4 scale=1/100 batch= 256_
13/07/2021 10:04:55,1200,19.40358,16.22373,0.77788,0.77374,0.62324,_search_snippets_distil_lre-4_JSD_lr=6/4/4 scale=1/100 batch= 256_
13/07/2021 10:06:39,1250,18.94317,15.77518,0.77666,0.77439,0.62212,_search_snippets_distil_lre-4_JSD_lr=6/4/4 scale=1/100 batch= 256_
13/07/2021 10:08:22,1300,18.70888,15.56760,0.74546,0.77642,0.62306,_search_snippets_distil_lre-4_JSD_lr=6/4/4 scale=1/100 batch= 256_
13/07/2021 10:10:05,1350,18.31705,15.05592,0.74627,0.77844,0.62223,_search_snippets_distil_lre-4_JSD_lr=6/4/4 scale=1/100 batch= 256_
13/07/2021 10:11:49,1400,17.77565,14.29216,0.74522,0.78023,0.62277,_search_snippets_distil_lre-4_JSD_lr=6/4/4 scale=1/100 batch= 256_
13/07/2021 10:13:32,1450,17.98438,14.60343,0.74473,0.78955,0.62647,_search_snippets_distil_lre-4_JSD_lr=6/4/4 scale=1/100 batch= 256_
13/07/2021 10:15:15,1500,17.54946,13.92144,0.74425,0.79425,0.62675,_search_snippets_distil_lre-4_JSD_lr=6/4/4 scale=1/100 batch= 256_
13/07/2021 10:16:57,1550,17.52931,13.84261,0.74335,0.79425,0.62715,_search_snippets_distil_lre-4_JSD_lr=6/4/4 scale=1/100 batch= 256_
13/07/2021 10:18:40,1600,17.14034,13.54804,0.77755,0.80511,0.63326,_search_snippets_distil_lre-4_JSD_lr=6/4/4 scale=1/100 batch= 256_
13/07/2021 10:20:24,1650,17.29883,13.54690,0.74433,0.80665,0.63352,_search_snippets_distil_lre-4_JSD_lr=6/4/4 scale=1/100 batch= 256_
13/07/2021 10:22:06,1700,16.92271,13.14763,0.74327,0.80956,0.63537,_search_snippets_distil_lre-4_JSD_lr=6/4/4 scale=1/100 batch= 256_
13/07/2021 10:23:48,1750,16.93252,13.12244,0.74400,0.80851,0.63521,_search_snippets_distil_lre-4_JSD_lr=6/4/4 scale=1/100 batch= 256_
13/07/2021 10:25:32,1800,16.53171,12.54823,0.74514,0.81175,0.63742,_search_snippets_distil_lre-4_JSD_lr=6/4/4 scale=1/100 batch= 256_
13/07/2021 10:27:15,1850,15.94423,11.85911,0.74935,0.81256,0.63708,_search_snippets_distil_lre-4_JSD_lr=6/4/4 scale=1/100 batch= 256_
13/07/2021 10:28:58,1900,16.06454,11.94755,0.74951,0.81232,0.63793,_search_snippets_distil_lre-4_JSD_lr=6/4/4 scale=1/100 batch= 256_
13/07/2021 10:30:42,1950,16.17219,12.09364,0.75016,0.81232,0.63852,_search_snippets_distil_lre-4_JSD_lr=6/4/4 scale=1/100 batch= 256_
13/07/2021 10:32:26,2000,15.85209,11.69194,0.74854,0.81110,0.63514,_search_snippets_distil_lre-4_JSD_lr=6/4/4 scale=1/100 batch= 256_
13/07/2021 10:34:09,2050,16.00506,11.66089,0.74976,0.81183,0.63673,_search_snippets_distil_lre-4_JSD_lr=6/4/4 scale=1/100 batch= 256_
13/07/2021 10:35:52,2100,15.98763,11.42756,0.74992,0.81434,0.63851,_search_snippets_distil_lre-4_JSD_lr=6/4/4 scale=1/100 batch= 256_
13/07/2021 10:37:36,2150,15.38562,11.01045,0.74838,0.81329,0.63730,_search_snippets_distil_lre-4_JSD_lr=6/4/4 scale=1/100 batch= 256_
13/07/2021 10:39:20,2200,15.47508,10.95881,0.74838,0.81272,0.63569,_search_snippets_distil_lre-4_JSD_lr=6/4/4 scale=1/100 batch= 256_
13/07/2021 10:41:03,2250,15.84142,11.07622,0.74992,0.81345,0.63601,_search_snippets_distil_lre-4_JSD_lr=6/4/4 scale=1/100 batch= 256_
13/07/2021 10:42:46,2300,15.47131,10.83662,0.74781,0.81321,0.63520,_search_snippets_distil_lre-4_JSD_lr=6/4/4 scale=1/100 batch= 256_
13/07/2021 10:44:29,2350,15.49544,10.81120,0.75130,0.81313,0.63328,_search_snippets_distil_lre-4_JSD_lr=6/4/4 scale=1/100 batch= 256_
13/07/2021 10:46:11,2400,14.60424,9.67658,0.74676,0.81110,0.63194,_search_snippets_distil_lre-4_JSD_lr=6/4/4 scale=1/100 batch= 256_
13/07/2021 10:47:55,2450,15.36409,10.57059,0.74481,0.80543,0.62277,_search_snippets_distil_lre-4_JSD_lr=6/4/4 scale=1/100 batch= 256_
13/07/2021 10:49:38,2500,15.38428,10.49926,0.74311,0.79724,0.61230,_search_snippets_distil_lre-4_JSD_lr=6/4/4 scale=1/100 batch= 256_
13/07/2021 10:51:21,2550,15.01414,10.19735,0.74741,0.79741,0.61246,_search_snippets_distil_lre-4_JSD_lr=6/4/4 scale=1/100 batch= 256_
13/07/2021 10:53:04,2600,14.59332,9.69044,0.74862,0.79992,0.61669,_search_snippets_distil_lre-4_JSD_lr=6/4/4 scale=1/100 batch= 256_
13/07/2021 10:54:47,2650,15.09979,10.13518,0.74076,0.79003,0.60327,_search_snippets_distil_lre-4_JSD_lr=6/4/4 scale=1/100 batch= 256_
13/07/2021 10:58:38,0,1.11425,0.01972,0.72877,0.73266,0.59237,_search_snippets_distil_lre-4_JSD_lr=6/4/4 scale=1/120 batch= 300_
13/07/2021 11:00:38,50,7.14404,5.70619,0.73865,0.73720,0.59700,_search_snippets_distil_lre-4_JSD_lr=6/4/4 scale=1/120 batch= 300_
13/07/2021 11:02:37,100,17.11854,15.49447,0.73160,0.73525,0.58517,_search_snippets_distil_lre-4_JSD_lr=6/4/4 scale=1/120 batch= 300_
13/07/2021 11:04:35,150,22.65852,20.99428,0.73006,0.74044,0.59527,_search_snippets_distil_lre-4_JSD_lr=6/4/4 scale=1/120 batch= 300_
13/07/2021 11:06:34,200,26.11294,24.41839,0.73857,0.74919,0.61129,_search_snippets_distil_lre-4_JSD_lr=6/4/4 scale=1/120 batch= 300_
13/07/2021 11:08:33,250,28.77452,27.05058,0.75429,0.75227,0.61763,_search_snippets_distil_lre-4_JSD_lr=6/4/4 scale=1/120 batch= 300_
13/07/2021 11:10:34,300,28.22463,26.46168,0.75648,0.75713,0.62555,_search_snippets_distil_lre-4_JSD_lr=6/4/4 scale=1/120 batch= 300_
13/07/2021 11:12:31,350,28.47825,26.62185,0.75583,0.75405,0.62527,_search_snippets_distil_lre-4_JSD_lr=6/4/4 scale=1/120 batch= 300_
13/07/2021 11:14:29,400,28.17692,26.27024,0.75389,0.75292,0.62514,_search_snippets_distil_lre-4_JSD_lr=6/4/4 scale=1/120 batch= 300_
13/07/2021 11:16:26,450,27.98950,26.07965,0.75211,0.75105,0.62691,_search_snippets_distil_lre-4_JSD_lr=6/4/4 scale=1/120 batch= 300_
13/07/2021 11:18:24,500,26.83459,24.74379,0.75235,0.74976,0.62758,_search_snippets_distil_lre-4_JSD_lr=6/4/4 scale=1/120 batch= 300_
13/07/2021 11:20:20,550,26.32197,24.24236,0.75194,0.74992,0.62922,_search_snippets_distil_lre-4_JSD_lr=6/4/4 scale=1/120 batch= 300_
13/07/2021 11:22:17,600,25.51276,23.34123,0.75049,0.74506,0.62667,_search_snippets_distil_lre-4_JSD_lr=6/4/4 scale=1/120 batch= 300_
13/07/2021 11:24:13,650,24.27483,21.95044,0.74992,0.74344,0.62640,_search_snippets_distil_lre-4_JSD_lr=6/4/4 scale=1/120 batch= 300_
13/07/2021 11:26:11,700,23.99481,21.64199,0.74797,0.73460,0.62163,_search_snippets_distil_lre-4_JSD_lr=6/4/4 scale=1/120 batch= 300_
13/07/2021 11:28:09,750,23.58978,21.16642,0.74408,0.73558,0.62125,_search_snippets_distil_lre-4_JSD_lr=6/4/4 scale=1/120 batch= 300_
13/07/2021 11:30:06,800,22.87873,20.33391,0.74441,0.74295,0.62290,_search_snippets_distil_lre-4_JSD_lr=6/4/4 scale=1/120 batch= 300_
13/07/2021 11:32:03,850,22.46942,19.89819,0.74311,0.74757,0.62163,_search_snippets_distil_lre-4_JSD_lr=6/4/4 scale=1/120 batch= 300_
13/07/2021 11:34:00,900,21.37042,18.63441,0.74157,0.74911,0.61990,_search_snippets_distil_lre-4_JSD_lr=6/4/4 scale=1/120 batch= 300_
13/07/2021 11:35:56,950,20.96012,18.21585,0.74068,0.75616,0.62103,_search_snippets_distil_lre-4_JSD_lr=6/4/4 scale=1/120 batch= 300_
13/07/2021 11:37:53,1000,20.95952,18.22442,0.73395,0.75835,0.62165,_search_snippets_distil_lre-4_JSD_lr=6/4/4 scale=1/120 batch= 300_
13/07/2021 11:39:49,1050,19.94012,16.96833,0.73412,0.75964,0.62011,_search_snippets_distil_lre-4_JSD_lr=6/4/4 scale=1/120 batch= 300_
13/07/2021 11:41:47,1100,20.20372,17.35867,0.73817,0.76037,0.61978,_search_snippets_distil_lre-4_JSD_lr=6/4/4 scale=1/120 batch= 300_
13/07/2021 11:43:44,1150,19.57819,16.39583,0.73703,0.76856,0.62114,_search_snippets_distil_lre-4_JSD_lr=6/4/4 scale=1/120 batch= 300_
13/07/2021 11:45:41,1200,19.24634,16.17840,0.73776,0.77139,0.62159,_search_snippets_distil_lre-4_JSD_lr=6/4/4 scale=1/120 batch= 300_
13/07/2021 11:47:37,1250,18.93760,15.69165,0.73679,0.77285,0.62209,_search_snippets_distil_lre-4_JSD_lr=6/4/4 scale=1/120 batch= 300_
13/07/2021 11:49:34,1300,18.49727,15.22871,0.73647,0.77285,0.62079,_search_snippets_distil_lre-4_JSD_lr=6/4/4 scale=1/120 batch= 300_
13/07/2021 11:51:29,1350,18.65203,15.38060,0.73485,0.77553,0.62122,_search_snippets_distil_lre-4_JSD_lr=6/4/4 scale=1/120 batch= 300_
13/07/2021 11:53:26,1400,17.94279,14.56969,0.73630,0.78298,0.62381,_search_snippets_distil_lre-4_JSD_lr=6/4/4 scale=1/120 batch= 300_
13/07/2021 11:55:24,1450,17.70169,14.08391,0.73452,0.79068,0.62471,_search_snippets_distil_lre-4_JSD_lr=6/4/4 scale=1/120 batch= 300_
13/07/2021 11:57:21,1500,17.56756,13.86128,0.73549,0.79182,0.62501,_search_snippets_distil_lre-4_JSD_lr=6/4/4 scale=1/120 batch= 300_
13/07/2021 11:59:17,1550,17.37099,13.80690,0.73614,0.79700,0.62697,_search_snippets_distil_lre-4_JSD_lr=6/4/4 scale=1/120 batch= 300_
13/07/2021 12:01:13,1600,17.31105,13.56141,0.73436,0.80429,0.63112,_search_snippets_distil_lre-4_JSD_lr=6/4/4 scale=1/120 batch= 300_
13/07/2021 12:03:10,1650,16.96742,13.25805,0.73663,0.80429,0.63091,_search_snippets_distil_lre-4_JSD_lr=6/4/4 scale=1/120 batch= 300_
13/07/2021 12:05:07,1700,16.65938,12.84598,0.73622,0.80673,0.63132,_search_snippets_distil_lre-4_JSD_lr=6/4/4 scale=1/120 batch= 300_
13/07/2021 12:07:05,1750,16.78505,12.95895,0.73647,0.81086,0.63439,_search_snippets_distil_lre-4_JSD_lr=6/4/4 scale=1/120 batch= 300_
13/07/2021 12:09:02,1800,16.27178,11.96621,0.73501,0.80997,0.63285,_search_snippets_distil_lre-4_JSD_lr=6/4/4 scale=1/120 batch= 300_
13/07/2021 12:10:57,1850,16.50059,12.37859,0.73476,0.81167,0.63354,_search_snippets_distil_lre-4_JSD_lr=6/4/4 scale=1/120 batch= 300_
13/07/2021 12:12:55,1900,16.48306,12.43560,0.73874,0.81280,0.63561,_search_snippets_distil_lre-4_JSD_lr=6/4/4 scale=1/120 batch= 300_
13/07/2021 12:14:52,1950,16.15658,11.96044,0.73987,0.81110,0.63365,_search_snippets_distil_lre-4_JSD_lr=6/4/4 scale=1/120 batch= 300_
13/07/2021 12:16:49,2000,15.77095,11.56324,0.74036,0.81183,0.63352,_search_snippets_distil_lre-4_JSD_lr=6/4/4 scale=1/120 batch= 300_
13/07/2021 12:18:46,2050,15.66851,11.28379,0.73938,0.81167,0.63362,_search_snippets_distil_lre-4_JSD_lr=6/4/4 scale=1/120 batch= 300_
13/07/2021 12:20:42,2100,15.45091,11.02231,0.74230,0.81353,0.63638,_search_snippets_distil_lre-4_JSD_lr=6/4/4 scale=1/120 batch= 300_
13/07/2021 12:22:39,2150,15.42613,11.02707,0.73938,0.81207,0.63426,_search_snippets_distil_lre-4_JSD_lr=6/4/4 scale=1/120 batch= 300_
13/07/2021 12:24:36,2200,15.44076,11.02812,0.74149,0.81053,0.63203,_search_snippets_distil_lre-4_JSD_lr=6/4/4 scale=1/120 batch= 300_
13/07/2021 12:26:33,2250,15.64548,11.06694,0.74109,0.81021,0.63216,_search_snippets_distil_lre-4_JSD_lr=6/4/4 scale=1/120 batch= 300_
13/07/2021 12:28:31,2300,15.05650,10.43357,0.74303,0.81159,0.63371,_search_snippets_distil_lre-4_JSD_lr=6/4/4 scale=1/120 batch= 300_
13/07/2021 12:30:27,2350,15.71449,11.13142,0.73906,0.81151,0.63359,_search_snippets_distil_lre-4_JSD_lr=6/4/4 scale=1/120 batch= 300_
13/07/2021 12:32:24,2400,15.45696,10.63398,0.73630,0.80648,0.62536,_search_snippets_distil_lre-4_JSD_lr=6/4/4 scale=1/120 batch= 300_
13/07/2021 12:34:22,2450,15.38801,10.67726,0.73420,0.80292,0.62053,_search_snippets_distil_lre-4_JSD_lr=6/4/4 scale=1/120 batch= 300_
13/07/2021 12:36:19,2500,15.17275,10.38001,0.72869,0.79595,0.60910,_search_snippets_distil_lre-4_JSD_lr=6/4/4 scale=1/120 batch= 300_
13/07/2021 12:38:16,2550,15.13657,10.25445,0.79976,0.79765,0.61454,_search_snippets_distil_lre-4_JSD_lr=6/4/4 scale=1/120 batch= 300_
13/07/2021 12:40:13,2600,15.20665,10.28626,0.73258,0.79846,0.61492,_search_snippets_distil_lre-4_JSD_lr=6/4/4 scale=1/120 batch= 300_
13/07/2021 12:42:10,2650,15.42661,10.35686,0.73582,0.79830,0.61618,_search_snippets_distil_lre-4_JSD_lr=6/4/4 scale=1/120 batch= 300_
13/07/2021 12:44:06,2700,15.22560,10.26036,0.72042,0.78630,0.59910,_search_snippets_distil_lre-4_JSD_lr=6/4/4 scale=1/120 batch= 300_
13/07/2021 12:46:03,2750,14.64169,9.57394,0.74198,0.79887,0.61931,_search_snippets_distil_lre-4_JSD_lr=6/4/4 scale=1/120 batch= 300_
13/07/2021 12:48:00,2800,14.87522,9.74531,0.73817,0.78979,0.60765,_search_snippets_distil_lre-4_JSD_lr=6/4/4 scale=1/120 batch= 300_
13/07/2021 12:49:58,2850,14.57381,9.41427,0.73712,0.78177,0.59734,_search_snippets_distil_lre-4_JSD_lr=6/4/4 scale=1/120 batch= 300_
13/07/2021 12:51:53,2900,14.52372,9.22602,0.79887,0.77407,0.58988,_search_snippets_distil_lre-4_JSD_lr=6/4/4 scale=1/120 batch= 300_
13/07/2021 12:53:49,2950,14.42290,9.06869,0.73841,0.76345,0.57765,_search_snippets_distil_lre-4_JSD_lr=6/4/4 scale=1/120 batch= 300_
13/07/2021 12:55:46,3000,14.37870,9.02635,0.74230,0.74498,0.56141,_search_snippets_distil_lre-4_JSD_lr=6/4/4 scale=1/120 batch= 300_
